Município;pass_int
BAGÉ;0
BAGÉ;145
BELÉM;164
BELÉM;137
BELÉM;424
BELÉM;2021
BELÉM;2451
BELÉM;0
BELÉM;1725
BELÉM;0
BELÉM;1753
BELÉM;0
BELÉM;1281
BELÉM;0
BELÉM;2558
BELÉM;1806
BELÉM;1541
BELÉM;1678
BELÉM;1747
BELÉM;0
BELÉM;2609
BELÉM;1343
BELÉM;1154
BELÉM;1272
BELÉM;944
BELÉM;1259
BELÉM;1141
BELÉM;1213
BELÉM;1036
BELÉM;98
BELÉM;874
BELÉM;1011
BELÉM;893
BELÉM;1111
BELÉM;290
BELÉM;362
BELÉM;377
BELÉM;327
BELÉM;260
BELÉM;362
BELÉM;450
BELÉM;317
BELÉM;337
BELÉM;331
BELÉM;265
BELÉM;432
BELÉM;2072
BELÉM;1407
BELÉM;1430
BELÉM;2335
BELÉM;887
BELÉM;2135
BELÉM;2802
BELÉM;2768
BELÉM;2521
BELÉM;2606
BELÉM;1775
BELÉM;1959
BELÉM;885
BELÉM;713
BELÉM;719
BELÉM;735
BELÉM;642
BELÉM;757
BELÉM;891
BELÉM;914
BELÉM;1034
BELÉM;525
BELÉM;438
BELÉM;1145
BELÉM;257
BELÉM;390
BELÉM;520
BELÉM;763
BELÉM;623
BELÉM;498
BELÉM;571
BELÉM;940
BELÉM;902
BELÉM;729
BELÉM;906
BELÉM;1054
BELO HORIZONTE;0
BELO HORIZONTE;49
BELO HORIZONTE;0
BELO HORIZONTE;308
BELO HORIZONTE;10333
BELO HORIZONTE;8259
BELO HORIZONTE;209
BELO HORIZONTE;5295
BELO HORIZONTE;6150
BELO HORIZONTE;107
BELO HORIZONTE;4038
BELO HORIZONTE;80
BELO HORIZONTE;3572
BELO HORIZONTE;9839
BELO HORIZONTE;2450
BELO HORIZONTE;1379
BELO HORIZONTE;1100
BELO HORIZONTE;1267
BELO HORIZONTE;6303
BELO HORIZONTE;113
BELO HORIZONTE;0
BELO HORIZONTE;70
BELO HORIZONTE;0
BELO HORIZONTE;47
BELO HORIZONTE;147
BELO HORIZONTE;119
BELO HORIZONTE;77
BELO HORIZONTE;145
BELO HORIZONTE;0
BELO HORIZONTE;0
BELO HORIZONTE;0
BELO HORIZONTE;0
BELO HORIZONTE;0
BELO HORIZONTE;0
BELO HORIZONTE;334
BELO HORIZONTE;131
BELO HORIZONTE;51
BELO HORIZONTE;0
BELO HORIZONTE;0
BELO HORIZONTE;3591
BELO HORIZONTE;1249
BELO HORIZONTE;2404
BELO HORIZONTE;0
BELO HORIZONTE;2821
BELO HORIZONTE;1370
BELO HORIZONTE;2804
BELO HORIZONTE;3008
BELO HORIZONTE;2824
BELO HORIZONTE;1007
BELO HORIZONTE;3140
BELO HORIZONTE;2987
BELO HORIZONTE;1765
BELO HORIZONTE;3379
BELO HORIZONTE;0
BELO HORIZONTE;0
BELO HORIZONTE;0
BELO HORIZONTE;0
BELO HORIZONTE;0
BELO HORIZONTE;0
BELO HORIZONTE;0
BELO HORIZONTE;0
BELO HORIZONTE;0
BELO HORIZONTE;0
BELO HORIZONTE;0
BELO HORIZONTE;0
BELO HORIZONTE;0
BELO HORIZONTE;82
BELO HORIZONTE;0
BELO HORIZONTE;0
BELO HORIZONTE;0
BELO HORIZONTE;0
BELO HORIZONTE;4050
BELO HORIZONTE;2805
BELO HORIZONTE;3186
BELO HORIZONTE;2487
BELO HORIZONTE;3165
BELO HORIZONTE;3811
BELO HORIZONTE;4258
BELO HORIZONTE;3753
BELO HORIZONTE;3428
BELO HORIZONTE;3591
BELO HORIZONTE;3156
BELO HORIZONTE;3232
BELO HORIZONTE;0
BELO HORIZONTE;46
BELO HORIZONTE;0
BELO HORIZONTE;65
BELO HORIZONTE;0
BELO HORIZONTE;0
BELO HORIZONTE;0
BELO HORIZONTE;0
BELO HORIZONTE;0
BELO HORIZONTE;0
BELO HORIZONTE;0
BELO HORIZONTE;0
BELO HORIZONTE;0
BELO HORIZONTE;0
BELO HORIZONTE;0
BELO HORIZONTE;91
BELO HORIZONTE;0
BELO HORIZONTE;6113
BELO HORIZONTE;3852
BELO HORIZONTE;4495
BELO HORIZONTE;5186
BELO HORIZONTE;5325
BELO HORIZONTE;6517
BELO HORIZONTE;8187
BELO HORIZONTE;6627
BELO HORIZONTE;6032
BELO HORIZONTE;6823
BELO HORIZONTE;5625
BELO HORIZONTE;7623
BELO HORIZONTE;0
BELO HORIZONTE;0
BELO HORIZONTE;0
BELO HORIZONTE;0
BELO HORIZONTE;67
BELO HORIZONTE;0
BELO HORIZONTE;70
BELO HORIZONTE;0
BELO HORIZONTE;70
BELO HORIZONTE;41
BELO HORIZONTE;40
BELO HORIZONTE;0
BELO HORIZONTE;52
BELO HORIZONTE;0
BOA VISTA;0
BOA VISTA;0
BOA VISTA;0
BOA VISTA;0
BOA VISTA;0
BRASÍLIA;3848
BRASÍLIA;3316
BRASÍLIA;3729
BRASÍLIA;3588
BRASÍLIA;77
BRASÍLIA;3619
BRASÍLIA;3473
BRASÍLIA;4684
BRASÍLIA;3976
BRASÍLIA;3936
BRASÍLIA;48
BRASÍLIA;3677
BRASÍLIA;3548
BRASÍLIA;4029
BRASÍLIA;0
BRASÍLIA;2184
BRASÍLIA;1668
BRASÍLIA;2199
BRASÍLIA;2078
BRASÍLIA;162
BRASÍLIA;0
BRASÍLIA;0
BRASÍLIA;0
BRASÍLIA;0
BRASÍLIA;0
BRASÍLIA;0
BRASÍLIA;0
BRASÍLIA;0
BRASÍLIA;0
BRASÍLIA;0
BRASÍLIA;0
BRASÍLIA;0
BRASÍLIA;0
BRASÍLIA;0
BRASÍLIA;0
BRASÍLIA;0
BRASÍLIA;0
BRASÍLIA;0
BRASÍLIA;0
BRASÍLIA;0
BRASÍLIA;0
BRASÍLIA;1129
BRASÍLIA;1522
BRASÍLIA;1415
BRASÍLIA;0
BRASÍLIA;0
BRASÍLIA;0
BRASÍLIA;0
BRASÍLIA;0
BRASÍLIA;0
BRASÍLIA;0
BRASÍLIA;0
BRASÍLIA;0
BRASÍLIA;0
BRASÍLIA;0
BRASÍLIA;0
BRASÍLIA;0
BRASÍLIA;0
BRASÍLIA;0
BRASÍLIA;0
BRASÍLIA;0
BRASÍLIA;0
BRASÍLIA;0
BRASÍLIA;0
BRASÍLIA;0
BRASÍLIA;85
BRASÍLIA;4725
BRASÍLIA;236
BRASÍLIA;3969
BRASÍLIA;4807
BRASÍLIA;275
BRASÍLIA;169
BRASÍLIA;4570
BRASÍLIA;4503
BRASÍLIA;4400
BRASÍLIA;171
BRASÍLIA;3111
BRASÍLIA;2638
BRASÍLIA;2217
BRASÍLIA;2781
BRASÍLIA;2502
BRASÍLIA;3930
BRASÍLIA;413
BRASÍLIA;529
BRASÍLIA;4310
BRASÍLIA;4233
BRASÍLIA;3678
BRASÍLIA;3710
BRASÍLIA;85
BRASÍLIA;4063
BRASÍLIA;3882
BRASÍLIA;91
BRASÍLIA;3937
BRASÍLIA;4110
BRASÍLIA;4994
BRASÍLIA;4711
BRASÍLIA;3938
BRASÍLIA;4211
BRASÍLIA;4640
BRASÍLIA;2796
BRASÍLIA;4202
BRASÍLIA;3248
BRASÍLIA;110
BRASÍLIA;3876
BRASÍLIA;99
BRASÍLIA;2750
BRASÍLIA;4316
BRASÍLIA;2075
BRASÍLIA;4020
BRASÍLIA;2066
BRASÍLIA;4373
BRASÍLIA;0
BRASÍLIA;2338
BRASÍLIA;0
BRASÍLIA;0
BRASÍLIA;0
BRASÍLIA;0
BRASÍLIA;0
BRASÍLIA;0
BRASÍLIA;0
BRASÍLIA;0
BRASÍLIA;0
BRASÍLIA;0
BRASÍLIA;0
BRASÍLIA;0
BRASÍLIA;0
BRASÍLIA;0
BRASÍLIA;0
BRASÍLIA;0
BRASÍLIA;170
BRASÍLIA;0
BRASÍLIA;0
BRASÍLIA;0
BRASÍLIA;0
BRASÍLIA;0
BRASÍLIA;0
BRASÍLIA;0
BRASÍLIA;0
BRASÍLIA;0
BRASÍLIA;0
BRASÍLIA;7
BRASÍLIA;26
BRASÍLIA;2404
BRASÍLIA;1775
BRASÍLIA;1043
BRASÍLIA;1476
BRASÍLIA;1789
BRASÍLIA;1708
BRASÍLIA;0
BRASÍLIA;4063
BRASÍLIA;3343
BRASÍLIA;3653
BRASÍLIA;3593
BRASÍLIA;4322
BRASÍLIA;3573
BRASÍLIA;4473
BRASÍLIA;4020
BRASÍLIA;3348
BRASÍLIA;4138
BRASÍLIA;4282
BRASÍLIA;3841
BRASÍLIA;593
BRASÍLIA;0
BRASÍLIA;0
BRASÍLIA;0
BRASÍLIA;0
BRASÍLIA;1168
BRASÍLIA;1412
BRASÍLIA;111
BRASÍLIA;5231
BRASÍLIA;3578
BRASÍLIA;4705
BRASÍLIA;5090
BRASÍLIA;5710
BRASÍLIA;5769
BRASÍLIA;7302
BRASÍLIA;5860
BRASÍLIA;5169
BRASÍLIA;6376
BRASÍLIA;5578
BRASÍLIA;6190
BRASÍLIA;0
BRASÍLIA;0
BRASÍLIA;0
BRASÍLIA;0
BRASÍLIA;0
BRASÍLIA;0
BRASÍLIA;0
BRASÍLIA;0
BRASÍLIA;0
BRASÍLIA;0
BRASÍLIA;0
BRASÍLIA;0
BRASÍLIA;0
BRASÍLIA;0
BRASÍLIA;0
BRASÍLIA;976
BRASÍLIA;940
BRASÍLIA;1100
BRASÍLIA;819
BRASÍLIA;991
BRASÍLIA;0
BRASÍLIA;0
CABO FRIO;994
CABO FRIO;754
CABO FRIO;581
CABO FRIO;239
CABO FRIO;228
CABO FRIO;0
CABO FRIO;0
CABO FRIO;0
CABO FRIO;0
CABO FRIO;0
CABO FRIO;0
CABO FRIO;0
CABO FRIO;0
CABO FRIO;0
CABO FRIO;0
CABO FRIO;0
CABO FRIO;0
CABO FRIO;0
CABO FRIO;0
CABO FRIO;0
CABO FRIO;0
CABO FRIO;0
CABO FRIO;0
CABO FRIO;0
CABO FRIO;0
CABO FRIO;0
CABO FRIO;174
CAMPINAS;0
CAMPINAS;0
CAMPINAS;0
CAMPINAS;0
CAMPINAS;0
CAMPINAS;0
CAMPINAS;0
CAMPINAS;0
CAMPINAS;0
CAMPINAS;0
CAMPINAS;0
CAMPINAS;0
CAMPINAS;0
CAMPINAS;0
CAMPINAS;0
CAMPINAS;0
CAMPINAS;0
CAMPINAS;0
CAMPINAS;0
CAMPINAS;0
CAMPINAS;0
CAMPINAS;0
CAMPINAS;0
CAMPINAS;0
CAMPINAS;0
CAMPINAS;3373
CAMPINAS;3491
CAMPINAS;4396
CAMPINAS;4259
CAMPINAS;199
CAMPINAS;4574
CAMPINAS;239
CAMPINAS;4606
CAMPINAS;796
CAMPINAS;159
CAMPINAS;7613
CAMPINAS;156
CAMPINAS;1894
CAMPINAS;8124
CAMPINAS;2163
CAMPINAS;7537
CAMPINAS;1168
CAMPINAS;6727
CAMPINAS;621
CAMPINAS;6940
CAMPINAS;738
CAMPINAS;159
CAMPINAS;8750
CAMPINAS;506
CAMPINAS;0
CAMPINAS;0
CAMPINAS;117
CAMPINAS;0
CAMPINAS;0
CAMPINAS;0
CAMPINAS;0
CAMPINAS;0
CAMPINAS;0
CAMPINAS;0
CAMPINAS;0
CAMPINAS;0
CAMPINAS;0
CAMPINAS;0
CAMPINAS;0
CAMPINAS;0
CAMPINAS;0
CAMPINAS;0
CAMPINAS;0
CAMPINAS;0
CAMPINAS;0
CAMPINAS;0
CAMPINAS;0
CAMPINAS;0
CAMPINAS;0
CAMPINAS;0
CAMPINAS;0
CAMPINAS;0
CAMPINAS;0
CAMPINAS;0
CAMPINAS;0
CAMPINAS;0
CAMPINAS;0
CAMPINAS;0
CAMPINAS;0
CAMPINAS;0
CAMPINAS;0
CAMPINAS;0
CAMPINAS;0
CAMPINAS;0
CAMPINAS;0
CAMPINAS;0
CAMPINAS;0
CAMPINAS;0
CAMPINAS;0
CAMPINAS;0
CAMPINAS;0
CAMPINAS;0
CAMPINAS;0
CAMPINAS;0
CAMPINAS;0
CAMPINAS;0
CAMPINAS;0
CAMPINAS;0
CAMPINAS;0
CAMPINAS;0
CAMPINAS;0
CAMPINAS;0
CAMPINAS;46
CAMPINAS;0
CAMPINAS;0
CAMPINAS;0
CAMPINAS;0
CAMPINAS;0
CAMPINAS;0
CAMPINAS;0
CAMPINAS;0
CAMPINAS;0
CAMPINAS;0
CAMPINAS;0
CAMPINAS;0
CAMPINAS;0
CAMPINAS;0
CAMPINAS;0
CAMPINAS;0
CAMPINAS;0
CAMPINAS;0
CAMPINAS;0
CAMPINAS;0
CAMPINAS;0
CAMPINAS;0
CAMPINAS;0
CAMPINAS;0
CAMPINAS;0
CAMPINAS;0
CAMPINAS;0
CAMPINAS;0
CAMPINAS;0
CAMPINAS;0
CAMPINAS;0
CAMPINAS;0
CAMPINAS;0
CAMPINAS;0
CAMPINAS;0
CAMPINAS;0
CAMPINAS;0
CAMPINAS;0
CAMPINAS;0
CAMPINAS;0
CAMPINAS;0
CAMPINAS;0
CAMPINAS;0
CAMPINAS;0
CAMPINAS;0
CAMPINAS;0
CAMPINAS;0
CAMPINAS;0
CAMPINAS;0
CAMPINAS;0
CAMPINAS;0
CAMPINAS;0
CAMPINAS;0
CAMPINAS;0
CAMPINAS;0
CAMPINAS;0
CAMPINAS;0
CAMPINAS;0
CAMPINAS;0
CAMPINAS;0
CAMPINAS;0
CAMPINAS;0
CAMPINAS;0
CAMPINAS;0
CAMPINAS;0
CAMPINAS;0
CAMPINAS;0
CAMPINAS;0
CAMPINAS;0
CAMPINAS;0
CAMPINAS;0
CAMPINAS;0
CAMPINAS;0
CAMPINAS;0
CAMPINAS;0
CAMPINAS;0
CAMPINAS;0
CAMPINAS;0
CAMPINAS;0
CAMPINAS;0
CAMPINAS;0
CAMPINAS;0
CAMPINAS;0
CAMPINAS;0
CAMPINAS;0
CAMPINAS;0
CAMPINAS;0
CAMPINAS;0
CAMPINAS;0
CAMPINAS;0
CAMPINAS;0
CAMPINAS;0
CAMPINAS;0
CAMPINAS;0
CAMPINAS;0
CAMPINAS;0
CAMPINAS;0
CAMPINAS;10725
CAMPINAS;10317
CAMPINAS;9554
CAMPINAS;7522
CAMPINAS;0
CAMPINAS;234
CAMPINAS;8612
CAMPINAS;7289
CAMPINAS;206
CAMPINAS;6739
CAMPINAS;6767
CAMPINAS;0
CAMPINAS;246
CAMPINAS;10523
CAMPINAS;269
CAMPINAS;8463
CAMPINAS;0
CAMPINAS;8461
CAMPINAS;0
CAMPINAS;7616
CAMPINAS;10456
CAMPINAS;267
CAMPINAS;8944
CAMPINAS;213
CAMPINAS;8391
CAMPINAS;8198
CAMPINAS;205
CAMPINAS;7026
CAMPINAS;1120
CAMPINAS;6825
CAMPINAS;0
CAMPINAS;7660
CAMPINAS;186
CAMPINAS;8068
CAMPINAS;0
CAMPINAS;7230
CAMPINAS;8290
CAMPINAS;0
CAMPINAS;204
CAMPINAS;13447
CAMPINAS;10586
CAMPINAS;0
CAMPINAS;0
CAMPINAS;0
CAMPINAS;0
CAMPINAS;0
CAMPINAS;0
CAMPINAS;0
CAMPINAS;0
CAMPINAS;0
CAMPINAS;0
CAMPINAS;0
CAMPINAS;0
CAMPINAS;0
CAMPINAS;0
CAMPINAS;0
CAMPINAS;0
CAMPINAS;0
CAMPINAS;0
CAMPINAS;0
CAMPINAS;0
CAMPINAS;0
CAMPINAS;0
CAMPINAS;0
CAMPINAS;0
CAMPINAS;0
CAMPINAS;0
CAMPINAS;0
CAMPINAS;0
CAMPINAS;0
CAMPINAS;0
CAMPINAS;0
CAMPINAS;0
CAMPINAS;0
CAMPINAS;0
CAMPINAS;0
CAMPINAS;0
CAMPINAS;0
CAMPINAS;0
CAMPINAS;0
CAMPINAS;0
CAMPINAS;0
CAMPINAS;0
CAMPINAS;0
CAMPINAS;0
CAMPINAS;0
CAMPINAS;0
CAMPINAS;0
CAMPINAS;0
CAMPINAS;0
CAMPINAS;0
CAMPINAS;0
CAMPINAS;0
CAMPINAS;0
CAMPINAS;0
CAMPINAS;0
CAMPINAS;0
CAMPINAS;0
CAMPINAS;0
CAMPINAS;0
CAMPINAS;0
CAMPINAS;0
CAMPINAS;0
CAMPINAS;0
CAMPINAS;0
CAMPINAS;0
CAMPINAS;0
CAMPINAS;0
CAMPINAS;0
CAMPINAS;0
CAMPINAS;0
CAMPINAS;0
CAMPINAS;0
CAMPINAS;0
CAMPINAS;0
CAMPINAS;0
CAMPINAS;0
CAMPINAS;0
CAMPINAS;0
CAMPINAS;0
CAMPINAS;0
CAMPINAS;0
CAMPINAS;0
CAMPINAS;0
CAMPINAS;0
CAMPINAS;0
CAMPINAS;0
CAMPINAS;0
CAMPINAS;0
CAMPINAS;0
CAMPINAS;0
CAMPINAS;0
CAMPINAS;0
CAMPINAS;0
CAMPINAS;0
CAMPINAS;0
CAMPINAS;0
CAMPINAS;0
CAMPINAS;0
CAMPINAS;0
CAMPINAS;0
CAMPINAS;0
CAMPINAS;0
CAMPINAS;0
CAMPINAS;0
CAMPINAS;0
CAMPINAS;0
CAMPINAS;0
CAMPINAS;0
CAMPINAS;0
CAMPINAS;0
CAMPINAS;0
CAMPINAS;0
CAMPINAS;0
CAMPINAS;0
CAMPINAS;0
CAMPINAS;0
CAMPINAS;0
CAMPINAS;0
CAMPINAS;0
CAMPINAS;0
CAMPINAS;0
CAMPINAS;0
CAMPINAS;0
CAMPINAS;0
CAMPINAS;0
CAMPINAS;0
CAMPINAS;0
CAMPINAS;0
CAMPINAS;0
CAMPINAS;0
CAMPINAS;0
CAMPINAS;0
CAMPINAS;0
CAMPINAS;0
CAMPINAS;0
CAMPINAS;0
CAMPINAS;0
CAMPINAS;3118
CAMPINAS;3141
CAMPINAS;2877
CAMPINAS;4189
CAMPINAS;3607
CAMPINAS;3247
CAMPINAS;157
CAMPINAS;4466
CAMPINAS;0
CAMPINAS;0
CAMPINAS;0
CAMPINAS;0
CAMPINAS;0
CAMPINAS;0
CAMPINAS;0
CAMPINAS;0
CAMPINAS;0
CAMPINAS;0
CAMPINAS;0
CAMPINAS;0
CAMPINAS;0
CAMPINAS;0
CAMPINAS;0
CAMPINAS;0
CAMPINAS;0
CAMPINAS;0
CAMPINAS;0
CAMPINAS;0
CAMPINAS;0
CAMPINAS;0
CAMPINAS;0
CAMPINAS;0
CAMPINAS;0
CAMPINAS;0
CAMPINAS;0
CAMPINAS;0
CAMPINAS;0
CAMPINAS;0
CAMPINAS;0
CAMPINAS;0
CAMPINAS;0
CAMPINAS;0
CAMPINAS;0
CAMPINAS;0
CAMPINAS;0
CAMPINAS;0
CAMPINAS;0
CAMPINAS;0
CAMPINAS;0
CAMPINAS;0
CAMPINAS;0
CAMPINAS;0
CAMPINAS;0
CAMPINAS;0
CAMPINAS;0
CAMPINAS;0
CAMPINAS;0
CAMPINAS;0
CAMPINAS;0
CAMPINAS;0
CAMPINAS;0
CAMPINAS;0
CAMPINAS;0
CAMPINAS;0
CAMPINAS;0
CAMPINAS;0
CAMPINAS;0
CAMPINAS;0
CAMPINAS;0
CAMPINAS;0
CAMPINAS;0
CAMPINAS;0
CAMPINAS;0
CAMPINAS;0
CAMPINAS;0
CAMPINAS;0
CAMPINAS;0
CAMPINAS;0
CAMPINAS;0
CAMPINAS;0
CAMPINAS;0
CAMPINAS;0
CAMPINAS;0
CAMPINAS;0
CAMPINAS;0
CAMPINAS;0
CAMPINAS;0
CAMPINAS;0
CAMPINAS;0
CAMPINAS;0
CAMPINAS;0
CAMPINAS;0
CAMPINAS;0
CAMPINAS;0
CAMPINAS;0
CAMPINAS;0
CAMPINAS;0
CAMPINAS;0
CAMPINAS;0
CAMPINAS;0
CAMPINAS;0
CAMPINAS;0
CAMPINAS;0
CAMPINAS;0
CAMPINAS;0
CAMPINAS;0
CAMPINAS;0
CAMPINAS;0
CAMPINAS;0
CAMPINAS;0
CAMPINAS;0
CAMPINAS;0
CAMPINAS;0
CAMPINAS;0
CAMPINAS;0
CAMPINAS;0
CAMPINAS;0
CAMPINAS;0
CAMPINAS;0
CAMPINAS;0
CAMPINAS;0
CAMPINAS;0
CAMPINAS;0
CAMPINAS;0
CAMPINAS;0
CAMPINAS;0
CAMPINAS;0
CAMPINAS;0
CAMPINAS;0
CAMPINAS;0
CAMPINAS;462
CAMPINAS;9292
CAMPINAS;7823
CAMPINAS;0
CAMPINAS;8283
CAMPINAS;6525
CAMPINAS;340
CAMPINAS;10826
CAMPINAS;246
CAMPINAS;2549
CAMPINAS;13409
CAMPINAS;3003
CAMPINAS;15933
CAMPINAS;3050
CAMPINAS;240
CAMPINAS;14641
CAMPINAS;2717
CAMPINAS;13625
CAMPINAS;3281
CAMPINAS;10571
CAMPINAS;3062
CAMPINAS;173
CAMPINAS;10813
CAMPINAS;220
CAMPINAS;2797
CAMPINAS;12886
CAMPINAS;223
CAMPINAS;253
CAMPINAS;103
CAMPINAS;288
CAMPINAS;476
CAMPINAS;266
CAMPINAS;192
CAMPINAS;0
CAMPINAS;0
CAMPINAS;0
CAMPINAS;0
CAMPINAS;0
CAMPINAS;0
CAMPINAS;0
CAMPINAS;0
CAMPINAS;0
CAMPINAS;0
CAMPINAS;0
CAMPINAS;0
CAMPINAS;0
CAMPINAS;0
CAMPINAS;0
CAMPINAS;0
CAMPINAS;0
CAMPINAS;0
CAMPINAS;0
CAMPINAS;0
CAMPINAS;0
CAMPINAS;0
CAMPINAS;0
CAMPINAS;0
CAMPINAS;0
CAMPINAS;0
CAMPINAS;0
CAMPINAS;0
CAMPINAS;974
CAMPINAS;82
CAMPINAS;149
CAMPINAS;158
CAMPINAS;274
CAMPINAS;0
CAMPINAS;0
CAMPINAS;0
CAMPINAS;0
CAMPINAS;0
CAMPINAS;0
CAMPINAS;0
CAMPINAS;0
CAMPINAS;0
CAMPINAS;0
CAMPINAS;0
CAMPINAS;0
CAROLINA;207
CAROLINA;275
CURITIBA;0
CURITIBA;0
CURITIBA;0
CURITIBA;0
CURITIBA;0
CURITIBA;0
CURITIBA;0
CURITIBA;0
CURITIBA;0
CURITIBA;0
CURITIBA;0
CURITIBA;0
CURITIBA;2144
CURITIBA;352
CURITIBA;1491
CURITIBA;238
CURITIBA;2353
CURITIBA;2959
CURITIBA;2888
CURITIBA;3397
CURITIBA;3465
CURITIBA;3332
CURITIBA;2959
CURITIBA;2916
CURITIBA;2854
CURITIBA;1706
CURITIBA;250
CURITIBA;83
CURITIBA;45
CURITIBA;48
CURITIBA;45
CURITIBA;282
CURITIBA;0
CURITIBA;133
CURITIBA;0
CURITIBA;0
CURITIBA;0
CURITIBA;0
CURITIBA;0
CURITIBA;0
CURITIBA;0
CURITIBA;0
CURITIBA;0
CURITIBA;0
CURITIBA;0
CURITIBA;0
CURITIBA;0
CURITIBA;0
CURITIBA;0
CURITIBA;0
CURITIBA;0
CURITIBA;0
CURITIBA;0
CURITIBA;0
CURITIBA;0
CURITIBA;0
CURITIBA;0
CURITIBA;0
CURITIBA;0
CURITIBA;0
CURITIBA;0
CURITIBA;0
CURITIBA;0
CURITIBA;0
CURITIBA;0
CURITIBA;0
CURITIBA;0
CURITIBA;0
CURITIBA;0
CURITIBA;0
CURITIBA;0
CURITIBA;0
CURITIBA;0
CURITIBA;0
CURITIBA;0
CURITIBA;0
CURITIBA;0
CURITIBA;0
CURITIBA;0
CURITIBA;0
CURITIBA;0
CURITIBA;0
CURITIBA;0
CURITIBA;0
CURITIBA;0
CURITIBA;0
CURITIBA;0
CURITIBA;0
CURITIBA;0
CURITIBA;0
CURITIBA;0
CURITIBA;0
CURITIBA;0
CURITIBA;0
CURITIBA;0
CURITIBA;0
CURITIBA;0
CURITIBA;0
CURITIBA;0
CURITIBA;0
CURITIBA;0
CURITIBA;0
CURITIBA;0
CURITIBA;0
CURITIBA;0
CURITIBA;545
CURITIBA;442
CURITIBA;384
CURITIBA;374
CURITIBA;303
CURITIBA;331
CURITIBA;485
CURITIBA;247
CURITIBA;205
CURITIBA;163
CURITIBA;320
CURITIBA;439
CURITIBA;0
CURITIBA;55
CURITIBA;0
CURITIBA;0
CURITIBA;0
CURITIBA;0
CURITIBA;0
CURITIBA;0
CURITIBA;0
CURITIBA;0
CURITIBA;0
CURITIBA;0
CURITIBA;44
CURITIBA;0
CURITIBA;131
CURITIBA;2
FLORIANÓPOLIS;3502
FLORIANÓPOLIS;3026
FLORIANÓPOLIS;676
FLORIANÓPOLIS;465
FLORIANÓPOLIS;9410
FLORIANÓPOLIS;1942
FLORIANÓPOLIS;450
FLORIANÓPOLIS;8629
FLORIANÓPOLIS;288
FLORIANÓPOLIS;473
FLORIANÓPOLIS;6104
FLORIANÓPOLIS;703
FLORIANÓPOLIS;2913
FLORIANÓPOLIS;131
FLORIANÓPOLIS;223
FLORIANÓPOLIS;3250
FLORIANÓPOLIS;1438
FLORIANÓPOLIS;1175
FLORIANÓPOLIS;699
FLORIANÓPOLIS;158
FLORIANÓPOLIS;1291
FLORIANÓPOLIS;959
FLORIANÓPOLIS;848
FLORIANÓPOLIS;2427
FLORIANÓPOLIS;4115
FLORIANÓPOLIS;255
FLORIANÓPOLIS;65
FLORIANÓPOLIS;440
FLORIANÓPOLIS;4211
FLORIANÓPOLIS;3513
FLORIANÓPOLIS;2826
FLORIANÓPOLIS;2647
FLORIANÓPOLIS;3034
FLORIANÓPOLIS;166
FLORIANÓPOLIS;3544
FLORIANÓPOLIS;3223
FLORIANÓPOLIS;3584
FLORIANÓPOLIS;3511
FLORIANÓPOLIS;3330
FLORIANÓPOLIS;3530
FLORIANÓPOLIS;5205
FLORIANÓPOLIS;2313
FLORIANÓPOLIS;352
FLORIANÓPOLIS;4576
FLORIANÓPOLIS;5339
FLORIANÓPOLIS;1573
FLORIANÓPOLIS;322
FLORIANÓPOLIS;163
FLORIANÓPOLIS;3713
FLORIANÓPOLIS;155
FLORIANÓPOLIS;496
FLORIANÓPOLIS;3068
FLORIANÓPOLIS;2439
FLORIANÓPOLIS;83
FLORIANÓPOLIS;1172
FLORIANÓPOLIS;4629
FLORIANÓPOLIS;0
FLORIANÓPOLIS;260
FLORIANÓPOLIS;24
FLORIANÓPOLIS;106
FLORIANÓPOLIS;291
FLORIANÓPOLIS;359
FLORIANÓPOLIS;762
FLORIANÓPOLIS;285
FLORIANÓPOLIS;1246
FLORIANÓPOLIS;673
FORTALEZA;1137
FORTALEZA;697
FORTALEZA;917
FORTALEZA;689
FORTALEZA;479
FORTALEZA;1027
FORTALEZA;925
FORTALEZA;838
FORTALEZA;1003
FORTALEZA;246
FORTALEZA;549
FORTALEZA;533
FORTALEZA;256
FORTALEZA;613
FORTALEZA;689
FORTALEZA;485
FORTALEZA;496
FORTALEZA;668
FORTALEZA;676
FORTALEZA;777
FORTALEZA;642
FORTALEZA;585
FORTALEZA;620
FORTALEZA;598
FORTALEZA;908
FORTALEZA;565
FORTALEZA;656
FORTALEZA;548
FORTALEZA;516
FORTALEZA;845
FORTALEZA;1973
FORTALEZA;1504
FORTALEZA;1234
FORTALEZA;1724
FORTALEZA;1473
FORTALEZA;1076
FORTALEZA;470
FORTALEZA;472
FORTALEZA;546
FORTALEZA;868
FORTALEZA;4390
FORTALEZA;4235
FORTALEZA;3462
FORTALEZA;3458
FORTALEZA;151
FORTALEZA;1277
FORTALEZA;27
FORTALEZA;1007
FORTALEZA;181
FORTALEZA;48
FORTALEZA;752
FORTALEZA;1004
FORTALEZA;544
FORTALEZA;4048
FORTALEZA;285
FORTALEZA;3582
FORTALEZA;710
FORTALEZA;24
FORTALEZA;3457
FORTALEZA;1747
FORTALEZA;215
FORTALEZA;2659
FORTALEZA;1433
FORTALEZA;2364
FORTALEZA;1693
FORTALEZA;3013
FORTALEZA;3926
FORTALEZA;182
FORTALEZA;4310
FORTALEZA;4515
FORTALEZA;223
FORTALEZA;4608
FORTALEZA;3748
FORTALEZA;3487
FORTALEZA;4199
FORTALEZA;4030
FORTALEZA;4517
FORTALEZA;3317
FORTALEZA;2862
FORTALEZA;2625
FORTALEZA;2276
FORTALEZA;2242
FORTALEZA;2821
FORTALEZA;3340
FORTALEZA;2705
FORTALEZA;2367
FORTALEZA;2938
FORTALEZA;4005
FORTALEZA;3226
FORTALEZA;0
FORTALEZA;0
FORTALEZA;0
FORTALEZA;196
FORTALEZA;286
FORTALEZA;323
FORTALEZA;362
FORTALEZA;330
FORTALEZA;474
FORTALEZA;445
FORTALEZA;483
FORTALEZA;320
FORTALEZA;445
FORTALEZA;478
FORTALEZA;384
FORTALEZA;3217
FORTALEZA;2946
FORTALEZA;2353
FORTALEZA;3066
FORTALEZA;2977
FORTALEZA;2965
FORTALEZA;4496
FORTALEZA;3833
FORTALEZA;3245
FORTALEZA;3456
FORTALEZA;3940
FORTALEZA;4198
FORTALEZA;613
FORTALEZA;370
FORTALEZA;360
FORTALEZA;0
FORTALEZA;0
FORTALEZA;0
FORTALEZA;0
FORTALEZA;267
FORTALEZA;5837
FORTALEZA;4383
FORTALEZA;4402
FORTALEZA;4748
FORTALEZA;179
FORTALEZA;6007
FORTALEZA;6676
FORTALEZA;7441
FORTALEZA;6515
FORTALEZA;5584
FORTALEZA;7025
FORTALEZA;6199
FORTALEZA;6552
FORTALEZA;0
FORTALEZA;0
FORTALEZA;0
FORTALEZA;0
FORTALEZA;0
FORTALEZA;0
FORTALEZA;0
FORTALEZA;0
FOZ DO IGUAÇU;0
FOZ DO IGUAÇU;168
FOZ DO IGUAÇU;79
FOZ DO IGUAÇU;254
FOZ DO IGUAÇU;172
FOZ DO IGUAÇU;173
FOZ DO IGUAÇU;0
FOZ DO IGUAÇU;164
FOZ DO IGUAÇU;2817
FOZ DO IGUAÇU;2971
FOZ DO IGUAÇU;2687
FOZ DO IGUAÇU;2521
FOZ DO IGUAÇU;2600
FOZ DO IGUAÇU;1930
FOZ DO IGUAÇU;2865
FOZ DO IGUAÇU;3011
FOZ DO IGUAÇU;2554
FOZ DO IGUAÇU;3562
FOZ DO IGUAÇU;3361
FOZ DO IGUAÇU;2630
FOZ DO IGUAÇU;0
FOZ DO IGUAÇU;0
FOZ DO IGUAÇU;110
GOIÂNIA;0
GOVERNADOR VALADARES;344
JOÃO PESSOA;72
JOÃO PESSOA;57
JOÃO PESSOA;95
JOÃO PESSOA;51
JOÃO PESSOA;59
JOÃO PESSOA;108
JOÃO PESSOA;173
JOÃO PESSOA;119
JOÃO PESSOA;111
JOÃO PESSOA;65
JOÃO PESSOA;102
JOÃO PESSOA;92
MACEIÓ;446
MACEIÓ;544
MACEIÓ;633
MACEIÓ;523
MACEIÓ;417
MACEIÓ;484
MACEIÓ;469
MACEIÓ;603
MACEIÓ;460
MACEIÓ;465
MACEIÓ;627
MACEIÓ;486
MACEIÓ;141
MACEIÓ;0
MACEIÓ;0
MANAUS;0
MANAUS;482
MANAUS;217
MANAUS;369
MANAUS;307
MANAUS;224
MANAUS;321
MANAUS;490
MANAUS;273
MANAUS;413
MANAUS;280
MANAUS;283
MANAUS;215
MANAUS;621
MANAUS;0
MANAUS;0
MANAUS;0
MANAUS;0
MANAUS;0
MANAUS;0
MANAUS;0
MANAUS;0
MANAUS;0
MANAUS;0
MANAUS;0
MANAUS;0
MANAUS;0
MANAUS;0
MANAUS;52
MANAUS;3494
MANAUS;110
MANAUS;2733
MANAUS;2947
MANAUS;2980
MANAUS;2493
MANAUS;2638
MANAUS;3586
MANAUS;2864
MANAUS;2100
MANAUS;2473
MANAUS;2381
MANAUS;3159
MANAUS;114
MANAUS;0
MANAUS;0
MANAUS;0
MANAUS;0
MANAUS;0
MANAUS;0
MANAUS;0
MANAUS;0
MANAUS;0
MANAUS;0
MANAUS;0
MANAUS;0
MANAUS;0
MANAUS;0
MANAUS;0
MANAUS;0
MANAUS;0
MANAUS;0
MANAUS;0
MANAUS;0
MANAUS;0
MANAUS;0
MANAUS;0
MANAUS;0
MANAUS;0
MANAUS;0
MANAUS;0
MANAUS;0
MANAUS;0
MANAUS;0
MANAUS;0
MANAUS;0
MANAUS;0
MANAUS;0
MANAUS;0
MANAUS;0
MANAUS;0
MANAUS;0
MANAUS;0
MANAUS;0
MANAUS;0
MANAUS;0
MANAUS;0
MANAUS;478
MANAUS;484
MANAUS;588
MANAUS;410
MANAUS;515
MANAUS;490
MANAUS;474
MANAUS;460
MANAUS;115
MANAUS;478
MANAUS;399
MANAUS;452
MANAUS;574
MANAUS;0
MANAUS;0
MANAUS;0
MANAUS;0
MANAUS;0
MANAUS;0
MANAUS;0
MANAUS;0
MANAUS;0
MANAUS;0
MANAUS;0
MANAUS;0
MANAUS;0
MANAUS;0
MANAUS;0
MANAUS;0
MANAUS;0
MANAUS;0
MANAUS;0
MANAUS;0
MANAUS;0
MANAUS;0
MANAUS;0
MANAUS;0
MANAUS;0
MANAUS;0
MANAUS;0
MANAUS;0
MANAUS;0
MANAUS;0
MANAUS;0
MANAUS;0
MANAUS;0
MANAUS;0
MANAUS;0
MANAUS;0
MANAUS;0
MANAUS;0
MANAUS;0
MANAUS;0
MANAUS;1494
MANAUS;964
MANAUS;1145
MANAUS;780
MANAUS;1107
MANAUS;997
MANAUS;1530
MANAUS;1064
MANAUS;865
MANAUS;1356
MANAUS;1366
MANAUS;1103
MANAUS;0
MANAUS;0
MANAUS;0
MANAUS;0
MANAUS;0
MANAUS;0
MANAUS;0
MANAUS;0
MANAUS;0
MANAUS;53
MANAUS;489
MANAUS;237
MANAUS;524
MANAUS;430
MANAUS;367
MANAUS;312
MANAUS;496
MANAUS;60
MANAUS;547
MANAUS;530
MANAUS;461
MANAUS;541
MANAUS;0
MANAUS;0
MANAUS;0
NATAL;0
NATAL;0
NATAL;0
NATAL;513
NATAL;557
NATAL;124
NATAL;790
NATAL;561
NATAL;528
NATAL;631
NATAL;665
NATAL;629
NATAL;558
NATAL;564
NATAL;768
NATAL;645
NATAL;0
NATAL;0
NATAL;0
NATAL;0
NATAL;628
NATAL;847
NATAL;221
NATAL;34
NATAL;265
NATAL;3730
NATAL;2832
NATAL;2766
NATAL;2470
NATAL;1942
NATAL;2482
NATAL;2955
NATAL;2508
NATAL;2019
NATAL;3363
NATAL;3896
NATAL;4066
NATAL;0
NATAL;0
NATAL;0
NAVEGANTES;3265
NAVEGANTES;1602
NAVEGANTES;1117
NAVEGANTES;582
PALMAS;3
PETROLINA;0
PETROLINA;0
PETROLINA;0
PETROLINA;0
PETROLINA;0
PETROLINA;0
PETROLINA;0
PETROLINA;0
PORTO ALEGRE;19
PORTO ALEGRE;1752
PORTO ALEGRE;1309
PORTO ALEGRE;2125
PORTO ALEGRE;2155
PORTO ALEGRE;2562
PORTO ALEGRE;3236
PORTO ALEGRE;3462
PORTO ALEGRE;3281
PORTO ALEGRE;3076
PORTO ALEGRE;1948
PORTO ALEGRE;2107
PORTO ALEGRE;1871
PORTO ALEGRE;2390
PORTO ALEGRE;2202
PORTO ALEGRE;2092
PORTO ALEGRE;2212
PORTO ALEGRE;2029
PORTO ALEGRE;2008
PORTO ALEGRE;2147
PORTO ALEGRE;2290
PORTO ALEGRE;1660
PORTO ALEGRE;1957
PORTO ALEGRE;2039
PORTO ALEGRE;2153
PORTO ALEGRE;1523
PORTO ALEGRE;1887
PORTO ALEGRE;1193
PORTO ALEGRE;1612
PORTO ALEGRE;84
PORTO ALEGRE;404
PORTO ALEGRE;444
PORTO ALEGRE;47
PORTO ALEGRE;81
PORTO ALEGRE;0
PORTO ALEGRE;0
PORTO ALEGRE;0
PORTO ALEGRE;0
PORTO ALEGRE;47
PORTO ALEGRE;46
PORTO ALEGRE;46
PORTO ALEGRE;0
PORTO ALEGRE;0
PORTO ALEGRE;51
PORTO ALEGRE;130
PORTO ALEGRE;527
PORTO ALEGRE;1210
PORTO ALEGRE;1838
PORTO ALEGRE;1906
PORTO ALEGRE;1938
PORTO ALEGRE;2071
PORTO ALEGRE;1724
PORTO ALEGRE;2086
PORTO ALEGRE;1955
PORTO ALEGRE;1848
PORTO ALEGRE;1776
PORTO ALEGRE;1469
PORTO ALEGRE;1625
PORTO ALEGRE;0
PORTO ALEGRE;48
PORTO ALEGRE;92
PORTO ALEGRE;0
PORTO ALEGRE;0
PORTO ALEGRE;0
PORTO ALEGRE;0
PORTO ALEGRE;0
PORTO ALEGRE;0
PORTO ALEGRE;0
PORTO ALEGRE;0
PORTO ALEGRE;0
PORTO ALEGRE;0
PORTO ALEGRE;0
PORTO ALEGRE;0
PORTO ALEGRE;0
PORTO ALEGRE;0
PORTO ALEGRE;0
PORTO ALEGRE;0
PORTO ALEGRE;0
PORTO ALEGRE;0
PORTO ALEGRE;0
PORTO ALEGRE;0
PORTO ALEGRE;0
PORTO ALEGRE;0
PORTO ALEGRE;0
PORTO ALEGRE;0
PORTO ALEGRE;0
PORTO ALEGRE;3824
PORTO ALEGRE;3635
PORTO ALEGRE;3899
PORTO ALEGRE;4079
PORTO ALEGRE;4563
PORTO ALEGRE;4265
PORTO ALEGRE;3939
PORTO ALEGRE;4478
PORTO ALEGRE;4021
PORTO ALEGRE;4166
PORTO ALEGRE;4460
PORTO ALEGRE;2120
PORTO ALEGRE;0
PORTO ALEGRE;0
PORTO ALEGRE;36
PORTO ALEGRE;29
PORTO ALEGRE;44
PORTO ALEGRE;0
PORTO ALEGRE;0
PORTO ALEGRE;56
PORTO ALEGRE;66
PORTO ALEGRE;810
PORTO ALEGRE;150
PORTO ALEGRE;0
PORTO ALEGRE;3569
PORTO ALEGRE;3709
PORTO ALEGRE;3620
PORTO ALEGRE;3234
PORTO ALEGRE;3660
PORTO ALEGRE;117
PORTO ALEGRE;2620
PORTO ALEGRE;3266
PORTO ALEGRE;3210
PORTO ALEGRE;3475
PORTO ALEGRE;2905
PORTO ALEGRE;2663
PORTO ALEGRE;2642
PORTO ALEGRE;2884
PORTO ALEGRE;2206
PORTO ALEGRE;2224
PORTO ALEGRE;3249
PORTO ALEGRE;3678
PORTO ALEGRE;3753
PORTO ALEGRE;4609
PORTO ALEGRE;4209
PORTO ALEGRE;3725
PORTO ALEGRE;3814
PORTO ALEGRE;2703
PORTO ALEGRE;1778
PORTO ALEGRE;840
PORTO ALEGRE;507
PORTO ALEGRE;3519
PORTO ALEGRE;450
PORTO ALEGRE;2971
PORTO ALEGRE;372
PORTO ALEGRE;151
PORTO ALEGRE;2904
PORTO ALEGRE;2983
PORTO ALEGRE;2486
PORTO ALEGRE;233
PORTO ALEGRE;2676
PORTO ALEGRE;95
PORTO ALEGRE;3147
PORTO ALEGRE;2859
PORTO ALEGRE;94
PORTO ALEGRE;2890
PORTO ALEGRE;3169
PORTO ALEGRE;45
PORTO ALEGRE;3200
PORTO ALEGRE;356
PORTO ALEGRE;356
PORTO ALEGRE;3010
PORTO ALEGRE;0
PORTO ALEGRE;14
PORTO ALEGRE;45
PORTO ALEGRE;35
PORTO ALEGRE;29
PORTO ALEGRE;21
PORTO ALEGRE;52
PORTO ALEGRE;94
PORTO SEGURO;1378
PORTO SEGURO;1227
PORTO SEGURO;110
PORTO SEGURO;156
PORTO SEGURO;689
PORTO SEGURO;1572
PORTO SEGURO;293
PORTO SEGURO;568
PORTO SEGURO;1409
PORTO SEGURO;145
PORTO SEGURO;489
PORTO SEGURO;1114
PORTO SEGURO;375
PORTO SEGURO;870
PORTO SEGURO;1057
PORTO SEGURO;1416
PORTO SEGURO;4681
PORTO SEGURO;1811
PORTO SEGURO;429
PORTO SEGURO;96
PORTO SEGURO;1253
PORTO SEGURO;498
PORTO SEGURO;297
PORTO SEGURO;0
PORTO SEGURO;94
PORTO SEGURO;174
PORTO SEGURO;176
RECIFE;1008
RECIFE;911
RECIFE;808
RECIFE;822
RECIFE;886
RECIFE;891
RECIFE;1166
RECIFE;841
RECIFE;882
RECIFE;671
RECIFE;660
RECIFE;640
RECIFE;650
RECIFE;772
RECIFE;763
RECIFE;627
RECIFE;612
RECIFE;577
RECIFE;140
RECIFE;464
RECIFE;670
RECIFE;731
RECIFE;635
RECIFE;621
RECIFE;771
RECIFE;617
RECIFE;630
RECIFE;713
RECIFE;588
RECIFE;590
RECIFE;777
RECIFE;609
RECIFE;493
RECIFE;819
RECIFE;565
RECIFE;595
RECIFE;455
RECIFE;645
RECIFE;817
RECIFE;618
RECIFE;608
RECIFE;644
RECIFE;646
RECIFE;729
RECIFE;606
RECIFE;579
RECIFE;668
RECIFE;528
RECIFE;0
RECIFE;1318
RECIFE;1331
RECIFE;1560
RECIFE;1507
RECIFE;1247
RECIFE;1306
RECIFE;1414
RECIFE;1202
RECIFE;154
RECIFE;1406
RECIFE;1048
RECIFE;1180
RECIFE;1432
RECIFE;0
RECIFE;0
RECIFE;551
RECIFE;366
RECIFE;355
RECIFE;263
RECIFE;339
RECIFE;509
RECIFE;1329
RECIFE;1153
RECIFE;852
RECIFE;1331
RECIFE;1299
RECIFE;1525
RECIFE;620
RECIFE;667
RECIFE;475
RECIFE;434
RECIFE;293
RECIFE;363
RECIFE;0
RECIFE;0
RECIFE;259
RECIFE;1873
RECIFE;1723
RECIFE;1794
RECIFE;1879
RECIFE;2063
RECIFE;3266
RECIFE;3758
RECIFE;3313
RECIFE;2977
RECIFE;0
RECIFE;2468
RECIFE;2640
RECIFE;2753
RECIFE;0
RECIFE;2253
RECIFE;3396
RECIFE;1239
RECIFE;1274
RECIFE;1363
RECIFE;2790
RECIFE;1110
RECIFE;3038
RECIFE;0
RECIFE;1056
RECIFE;938
RECIFE;985
RECIFE;2276
RECIFE;3242
RECIFE;1156
RECIFE;2514
RECIFE;664
RECIFE;1262
RECIFE;981
RECIFE;2267
RECIFE;937
RECIFE;2204
RECIFE;1922
RECIFE;4369
RECIFE;0
RECIFE;0
RECIFE;0
RECIFE;0
RECIFE;0
RECIFE;0
RECIFE;0
RECIFE;0
RECIFE;0
RECIFE;0
RECIFE;0
RECIFE;0
RECIFE;0
RECIFE;0
RECIFE;0
RECIFE;0
RECIFE;0
RECIFE;0
RECIFE;0
RECIFE;0
RECIFE;0
RECIFE;198
RECIFE;1320
RECIFE;182
RECIFE;1423
RECIFE;1918
RECIFE;1631
RECIFE;1808
RECIFE;1588
RECIFE;197
RECIFE;1531
RECIFE;1438
RECIFE;121
RECIFE;1177
RECIFE;1615
RECIFE;1752
RECIFE;1498
RECIFE;0
RECIFE;0
RECIFE;0
RECIFE;903
RECIFE;733
RECIFE;701
RECIFE;660
RECIFE;862
RECIFE;536
RECIFE;990
RECIFE;897
RECIFE;835
RECIFE;900
RECIFE;92
RECIFE;678
RECIFE;813
RECIFE;0
RECIFE;0
RECIFE;225
RECIFE;0
RECIFE;177
RECIFE;0
RECIFE;6829
RECIFE;4938
RECIFE;5889
RECIFE;7433
RECIFE;6769
RECIFE;8807
RECIFE;11138
RECIFE;9577
RECIFE;7431
RECIFE;9455
RECIFE;7427
RECIFE;8019
RECIFE;0
RECIFE;0
RECIFE;0
RECIFE;652
RECIFE;536
RECIFE;690
RECIFE;450
RECIFE;522
RECIFE;691
RECIFE;592
RECIFE;721
RECIFE;123
RECIFE;494
RECIFE;560
RECIFE;664
RECIFE;493
RIO DE JANEIRO;0
RIO DE JANEIRO;9761
RIO DE JANEIRO;9332
RIO DE JANEIRO;8241
RIO DE JANEIRO;7719
RIO DE JANEIRO;7488
RIO DE JANEIRO;9462
RIO DE JANEIRO;9239
RIO DE JANEIRO;10214
RIO DE JANEIRO;10351
RIO DE JANEIRO;9454
RIO DE JANEIRO;10074
RIO DE JANEIRO;1069
RIO DE JANEIRO;1035
RIO DE JANEIRO;516
RIO DE JANEIRO;819
RIO DE JANEIRO;539
RIO DE JANEIRO;779
RIO DE JANEIRO;793
RIO DE JANEIRO;1096
RIO DE JANEIRO;1281
RIO DE JANEIRO;930
RIO DE JANEIRO;647
RIO DE JANEIRO;1415
RIO DE JANEIRO;1290
RIO DE JANEIRO;274
RIO DE JANEIRO;155
RIO DE JANEIRO;11652
RIO DE JANEIRO;2202
RIO DE JANEIRO;11862
RIO DE JANEIRO;7883
RIO DE JANEIRO;2309
RIO DE JANEIRO;10740
RIO DE JANEIRO;5425
RIO DE JANEIRO;2381
RIO DE JANEIRO;16358
RIO DE JANEIRO;12938
RIO DE JANEIRO;9932
RIO DE JANEIRO;10715
RIO DE JANEIRO;13300
RIO DE JANEIRO;12800
RIO DE JANEIRO;13402
RIO DE JANEIRO;13634
RIO DE JANEIRO;153
RIO DE JANEIRO;15019
RIO DE JANEIRO;264
RIO DE JANEIRO;621
RIO DE JANEIRO;18185
RIO DE JANEIRO;1191
RIO DE JANEIRO;1217
RIO DE JANEIRO;1189
RIO DE JANEIRO;89
RIO DE JANEIRO;0
RIO DE JANEIRO;0
RIO DE JANEIRO;1515
RIO DE JANEIRO;1976
RIO DE JANEIRO;354
RIO DE JANEIRO;3147
RIO DE JANEIRO;3370
RIO DE JANEIRO;4038
RIO DE JANEIRO;8715
RIO DE JANEIRO;596
RIO DE JANEIRO;139
RIO DE JANEIRO;2613
RIO DE JANEIRO;3118
RIO DE JANEIRO;135
RIO DE JANEIRO;8262
RIO DE JANEIRO;253
RIO DE JANEIRO;3426
RIO DE JANEIRO;3857
RIO DE JANEIRO;0
RIO DE JANEIRO;148
RIO DE JANEIRO;9471
RIO DE JANEIRO;149
RIO DE JANEIRO;2652
RIO DE JANEIRO;166
RIO DE JANEIRO;2638
RIO DE JANEIRO;8463
RIO DE JANEIRO;2659
RIO DE JANEIRO;152
RIO DE JANEIRO;2507
RIO DE JANEIRO;197
RIO DE JANEIRO;7399
RIO DE JANEIRO;411
RIO DE JANEIRO;2256
RIO DE JANEIRO;2533
RIO DE JANEIRO;546
RIO DE JANEIRO;7254
RIO DE JANEIRO;326
RIO DE JANEIRO;2972
RIO DE JANEIRO;3515
RIO DE JANEIRO;10176
RIO DE JANEIRO;3262
RIO DE JANEIRO;3812
RIO DE JANEIRO;250
RIO DE JANEIRO;9488
RIO DE JANEIRO;3264
RIO DE JANEIRO;3655
RIO DE JANEIRO;9569
RIO DE JANEIRO;197
RIO DE JANEIRO;2967
RIO DE JANEIRO;3641
RIO DE JANEIRO;329
RIO DE JANEIRO;9176
RIO DE JANEIRO;3141
RIO DE JANEIRO;3925
RIO DE JANEIRO;9260
RIO DE JANEIRO;0
RIO DE JANEIRO;3884
RIO DE JANEIRO;4186
RIO DE JANEIRO;9870
RIO DE JANEIRO;8913
RIO DE JANEIRO;4342
RIO DE JANEIRO;4596
RIO DE JANEIRO;2724
RIO DE JANEIRO;3370
RIO DE JANEIRO;115
RIO DE JANEIRO;2966
RIO DE JANEIRO;2911
RIO DE JANEIRO;3508
RIO DE JANEIRO;2670
RIO DE JANEIRO;0
RIO DE JANEIRO;0
RIO DE JANEIRO;49
RIO DE JANEIRO;0
RIO DE JANEIRO;5165
RIO DE JANEIRO;98
RIO DE JANEIRO;166
RIO DE JANEIRO;3919
RIO DE JANEIRO;1521
RIO DE JANEIRO;592
RIO DE JANEIRO;2
RIO DE JANEIRO;171
RIO DE JANEIRO;4369
RIO DE JANEIRO;155
RIO DE JANEIRO;836
RIO DE JANEIRO;172
RIO DE JANEIRO;484
RIO DE JANEIRO;3520
RIO DE JANEIRO;3452
RIO DE JANEIRO;4991
RIO DE JANEIRO;3566
RIO DE JANEIRO;4390
RIO DE JANEIRO;3867
RIO DE JANEIRO;3828
RIO DE JANEIRO;2399
RIO DE JANEIRO;2848
RIO DE JANEIRO;2137
RIO DE JANEIRO;1348
RIO DE JANEIRO;1367
RIO DE JANEIRO;0
RIO DE JANEIRO;565
RIO DE JANEIRO;0
RIO DE JANEIRO;0
RIO DE JANEIRO;0
RIO DE JANEIRO;0
RIO DE JANEIRO;247
RIO DE JANEIRO;0
RIO DE JANEIRO;0
RIO DE JANEIRO;0
RIO DE JANEIRO;0
RIO DE JANEIRO;0
RIO DE JANEIRO;0
RIO DE JANEIRO;0
RIO DE JANEIRO;236
RIO DE JANEIRO;2433
RIO DE JANEIRO;2234
RIO DE JANEIRO;2317
RIO DE JANEIRO;1839
RIO DE JANEIRO;1844
RIO DE JANEIRO;166
RIO DE JANEIRO;1919
RIO DE JANEIRO;108
RIO DE JANEIRO;2758
RIO DE JANEIRO;2077
RIO DE JANEIRO;282
RIO DE JANEIRO;2098
RIO DE JANEIRO;1783
RIO DE JANEIRO;16622
RIO DE JANEIRO;11246
RIO DE JANEIRO;9315
RIO DE JANEIRO;12394
RIO DE JANEIRO;12062
RIO DE JANEIRO;466
RIO DE JANEIRO;5076
RIO DE JANEIRO;12795
RIO DE JANEIRO;11688
RIO DE JANEIRO;9719
RIO DE JANEIRO;10495
RIO DE JANEIRO;0
RIO DE JANEIRO;0
RIO DE JANEIRO;0
RIO DE JANEIRO;0
RIO DE JANEIRO;3
RIO DE JANEIRO;140
RIO DE JANEIRO;4500
RIO DE JANEIRO;4046
RIO DE JANEIRO;2988
RIO DE JANEIRO;1899
RIO DE JANEIRO;2111
RIO DE JANEIRO;3957
RIO DE JANEIRO;3591
RIO DE JANEIRO;3573
RIO DE JANEIRO;3687
RIO DE JANEIRO;3474
RIO DE JANEIRO;4222
RIO DE JANEIRO;5322
RIO DE JANEIRO;7888
RIO DE JANEIRO;8417
RIO DE JANEIRO;11609
RIO DE JANEIRO;150
RIO DE JANEIRO;12000
RIO DE JANEIRO;0
RIO DE JANEIRO;491
RIO DE JANEIRO;13516
RIO DE JANEIRO;9460
RIO DE JANEIRO;142
RIO DE JANEIRO;2181
RIO DE JANEIRO;2393
RIO DE JANEIRO;2540
RIO DE JANEIRO;1778
RIO DE JANEIRO;1392
RIO DE JANEIRO;7262
RIO DE JANEIRO;5855
RIO DE JANEIRO;5264
RIO DE JANEIRO;3077
RIO DE JANEIRO;3374
RIO DE JANEIRO;3984
RIO DE JANEIRO;3604
RIO DE JANEIRO;4026
RIO DE JANEIRO;3869
RIO DE JANEIRO;3928
RIO DE JANEIRO;3992
RIO DE JANEIRO;4150
RIO DE JANEIRO;0
RIO DE JANEIRO;0
RIO DE JANEIRO;0
RIO DE JANEIRO;0
RIO DE JANEIRO;0
RIO DE JANEIRO;3561
RIO DE JANEIRO;2782
RIO DE JANEIRO;4371
RIO DE JANEIRO;2671
RIO DE JANEIRO;3332
RIO DE JANEIRO;3146
RIO DE JANEIRO;5401
RIO DE JANEIRO;174
RIO DE JANEIRO;3760
RIO DE JANEIRO;136
RIO DE JANEIRO;0
RIO DE JANEIRO;4151
RIO DE JANEIRO;4909
RIO DE JANEIRO;68
RIO DE JANEIRO;0
RIO DE JANEIRO;74
RIO DE JANEIRO;0
RIO DE JANEIRO;0
RIO DE JANEIRO;0
RIO DE JANEIRO;0
RIO DE JANEIRO;0
RIO DE JANEIRO;0
RIO DE JANEIRO;5622
RIO DE JANEIRO;4661
RIO DE JANEIRO;4163
RIO DE JANEIRO;4645
RIO DE JANEIRO;4655
RIO DE JANEIRO;5170
RIO DE JANEIRO;8430
RIO DE JANEIRO;7574
RIO DE JANEIRO;6633
RIO DE JANEIRO;6253
RIO DE JANEIRO;6411
RIO DE JANEIRO;6480
RIO DE JANEIRO;0
RIO DE JANEIRO;6588
RIO DE JANEIRO;14187
RIO DE JANEIRO;5758
RIO DE JANEIRO;10025
RIO DE JANEIRO;6181
RIO DE JANEIRO;8707
RIO DE JANEIRO;7450
RIO DE JANEIRO;7716
RIO DE JANEIRO;289
RIO DE JANEIRO;8130
RIO DE JANEIRO;8728
RIO DE JANEIRO;7814
RIO DE JANEIRO;6673
RIO DE JANEIRO;8050
RIO DE JANEIRO;6950
RIO DE JANEIRO;3353
RIO DE JANEIRO;7679
RIO DE JANEIRO;5992
RIO DE JANEIRO;3899
RIO DE JANEIRO;5141
RIO DE JANEIRO;2780
RIO DE JANEIRO;5967
RIO DE JANEIRO;1859
RIO DE JANEIRO;6197
RIO DE JANEIRO;7273
RIO DE JANEIRO;6940
RIO DE JANEIRO;7013
RIO DE JANEIRO;7027
RIO DE JANEIRO;220
RIO DE JANEIRO;5759
RIO DE JANEIRO;6822
RIO DE JANEIRO;6228
RIO DE JANEIRO;6819
RIO DE JANEIRO;0
RIO DE JANEIRO;0
RIO DE JANEIRO;0
RIO DE JANEIRO;0
RIO DE JANEIRO;0
RIO DE JANEIRO;0
RIO DE JANEIRO;0
RIO DE JANEIRO;0
RIO DE JANEIRO;0
RIO DE JANEIRO;0
RIO DE JANEIRO;0
RIO DE JANEIRO;0
RIO DE JANEIRO;0
RIO DE JANEIRO;0
RIO DE JANEIRO;0
RIO DE JANEIRO;0
RIO DE JANEIRO;0
RIO DE JANEIRO;0
RIO DE JANEIRO;0
RIO DE JANEIRO;0
RIO DE JANEIRO;0
RIO DE JANEIRO;0
RIO DE JANEIRO;0
RIO DE JANEIRO;0
RIO DE JANEIRO;0
RIO DE JANEIRO;0
RIO DE JANEIRO;0
RIO DE JANEIRO;0
RIO DE JANEIRO;0
RIO DE JANEIRO;0
RIO DE JANEIRO;109
RIO DE JANEIRO;460
RIO DE JANEIRO;4776
RIO DE JANEIRO;4250
RIO DE JANEIRO;4529
RIO DE JANEIRO;4149
RIO DE JANEIRO;211
RIO DE JANEIRO;3432
RIO DE JANEIRO;3603
RIO DE JANEIRO;0
RIO DE JANEIRO;5477
RIO DE JANEIRO;5142
RIO DE JANEIRO;5640
RIO DE JANEIRO;5063
RIO DE JANEIRO;178
RIO DE JANEIRO;5291
RIO DE JANEIRO;192
RIO DE JANEIRO;6123
RIO DE JANEIRO;5992
RIO DE JANEIRO;204
RIO DE JANEIRO;5266
RIO DE JANEIRO;5138
RIO DE JANEIRO;169
RIO DE JANEIRO;6088
RIO DE JANEIRO;5610
RIO DE JANEIRO;6774
RIO DE JANEIRO;0
RIO DE JANEIRO;0
RIO DE JANEIRO;149
RIO DE JANEIRO;12764
RIO DE JANEIRO;12384
RIO DE JANEIRO;13172
RIO DE JANEIRO;10729
RIO DE JANEIRO;10870
RIO DE JANEIRO;10629
RIO DE JANEIRO;11101
RIO DE JANEIRO;10721
RIO DE JANEIRO;10551
RIO DE JANEIRO;11422
RIO DE JANEIRO;10059
RIO DE JANEIRO;13143
RIO DE JANEIRO;206
RIO DE JANEIRO;0
RIO DE JANEIRO;7879
RIO DE JANEIRO;7564
RIO DE JANEIRO;7288
RIO DE JANEIRO;7571
RIO DE JANEIRO;7283
RIO DE JANEIRO;8218
RIO DE JANEIRO;8615
RIO DE JANEIRO;7705
RIO DE JANEIRO;7650
RIO DE JANEIRO;8212
RIO DE JANEIRO;8184
RIO DE JANEIRO;7568
RIO DE JANEIRO;0
RIO DE JANEIRO;0
RIO DE JANEIRO;6532
RIO DE JANEIRO;6385
RIO DE JANEIRO;5823
RIO DE JANEIRO;6608
RIO DE JANEIRO;6309
RIO DE JANEIRO;7046
RIO DE JANEIRO;7531
RIO DE JANEIRO;7037
RIO DE JANEIRO;6657
RIO DE JANEIRO;6951
RIO DE JANEIRO;6842
RIO DE JANEIRO;6565
RIO DE JANEIRO;0
RIO DE JANEIRO;0
RIO DE JANEIRO;0
RIO DE JANEIRO;0
RIO DE JANEIRO;0
RIO DE JANEIRO;0
RIO DE JANEIRO;0
RIO DE JANEIRO;0
RIO DE JANEIRO;0
RIO DE JANEIRO;0
RIO DE JANEIRO;0
RIO DE JANEIRO;0
RIO DE JANEIRO;0
RIO DE JANEIRO;0
RIO DE JANEIRO;0
RIO DE JANEIRO;0
RIO DE JANEIRO;3111
RIO DE JANEIRO;2248
RIO DE JANEIRO;1873
RIO DE JANEIRO;1182
RIO DE JANEIRO;955
RIO DE JANEIRO;1712
RIO DE JANEIRO;2589
RIO DE JANEIRO;2291
RIO DE JANEIRO;1662
RIO DE JANEIRO;1631
RIO DE JANEIRO;1797
RIO DE JANEIRO;2032
RIO DE JANEIRO;7872
RIO DE JANEIRO;7293
RIO DE JANEIRO;7918
RIO DE JANEIRO;6662
RIO DE JANEIRO;7711
RIO DE JANEIRO;8057
RIO DE JANEIRO;8127
RIO DE JANEIRO;8198
RIO DE JANEIRO;6842
RIO DE JANEIRO;7256
RIO DE JANEIRO;7371
RIO DE JANEIRO;8154
RIO DE JANEIRO;636
RIO DE JANEIRO;289
RIO DE JANEIRO;90
RIO DE JANEIRO;99
RIO DE JANEIRO;620
RIO DE JANEIRO;0
RIO DE JANEIRO;0
RIO DE JANEIRO;0
RIO DE JANEIRO;632
RIO DE JANEIRO;320
RIO DE JANEIRO;85
RIO DE JANEIRO;83
RIO DE JANEIRO;99
RIO DE JANEIRO;190
RIO DE JANEIRO;68
RIO DE JANEIRO;158
RIO DE JANEIRO;109
RIO DE JANEIRO;0
RIO DE JANEIRO;78
RIO DE JANEIRO;15
RIO DE JANEIRO;0
RIO DE JANEIRO;26
RIO DE JANEIRO;2
RIO DE JANEIRO;106
RIO DE JANEIRO;0
RIO DE JANEIRO;641
RIO DE JANEIRO;2279
RIO DE JANEIRO;1975
RIO DE JANEIRO;2064
RIO DE JANEIRO;2159
RIO DE JANEIRO;2090
RIO DE JANEIRO;1959
RIO DE JANEIRO;2281
RIO DE JANEIRO;2126
RIO DE JANEIRO;1989
RIO DE JANEIRO;2177
RIO DE JANEIRO;2174
RIO DE JANEIRO;1878
RIO DE JANEIRO;318
RIO DE JANEIRO;143
RIO DE JANEIRO;372
RIO DE JANEIRO;0
RIO DE JANEIRO;0
RIO DE JANEIRO;760
RIO DE JANEIRO;0
RIO DE JANEIRO;79
RIO DE JANEIRO;4207
RIO DE JANEIRO;3424
RIO DE JANEIRO;3904
RIO DE JANEIRO;3643
RIO DE JANEIRO;3911
RIO DE JANEIRO;3413
RIO DE JANEIRO;3455
RIO DE JANEIRO;3580
RIO DE JANEIRO;3863
RIO DE JANEIRO;3730
RIO DE JANEIRO;4016
RIO DE JANEIRO;3054
RIO DE JANEIRO;0
RIO DE JANEIRO;1802
RIO DE JANEIRO;0
RIO DE JANEIRO;9423
RIO DE JANEIRO;1577
RIO DE JANEIRO;8138
RIO DE JANEIRO;1839
RIO DE JANEIRO;0
RIO DE JANEIRO;9579
RIO DE JANEIRO;1712
RIO DE JANEIRO;9782
RIO DE JANEIRO;1416
RIO DE JANEIRO;9066
RIO DE JANEIRO;1966
RIO DE JANEIRO;0
RIO DE JANEIRO;11494
RIO DE JANEIRO;1990
RIO DE JANEIRO;13706
RIO DE JANEIRO;1380
RIO DE JANEIRO;12206
RIO DE JANEIRO;1620
RIO DE JANEIRO;0
RIO DE JANEIRO;11120
RIO DE JANEIRO;1794
RIO DE JANEIRO;10118
RIO DE JANEIRO;1330
RIO DE JANEIRO;8543
RIO DE JANEIRO;1821
RIO DE JANEIRO;9949
RIO DE JANEIRO;196
RIO DE JANEIRO;0
RIO DE JANEIRO;1304
RIO DE JANEIRO;130
RIO DE JANEIRO;4983
RIO DE JANEIRO;5011
RIO DE JANEIRO;5104
RIO DE JANEIRO;4769
RIO DE JANEIRO;4696
RIO DE JANEIRO;5423
RIO DE JANEIRO;6272
RIO DE JANEIRO;5956
RIO DE JANEIRO;5484
RIO DE JANEIRO;6044
RIO DE JANEIRO;5356
RIO DE JANEIRO;5620
RIO DE JANEIRO;0
RIO DE JANEIRO;316
RIO DE JANEIRO;3429
RIO DE JANEIRO;3541
RIO DE JANEIRO;4776
RIO DE JANEIRO;5833
RIO DE JANEIRO;5169
RIO DE JANEIRO;5161
RIO DE JANEIRO;4880
RIO DE JANEIRO;4443
RIO DE JANEIRO;4964
RIO DE JANEIRO;0
RIO DE JANEIRO;0
RIO DE JANEIRO;2191
RIO DE JANEIRO;2415
RIO DE JANEIRO;1527
RIO DE JANEIRO;1723
RIO DE JANEIRO;1111
RIO DE JANEIRO;2348
RIO DE JANEIRO;2148
RIO DE JANEIRO;1903
RIO DE JANEIRO;1966
RIO DE JANEIRO;2621
RIO DE JANEIRO;2415
RIO DE JANEIRO;2408
RIO DE JANEIRO;0
RIO DE JANEIRO;0
RIO DE JANEIRO;174
RIO DE JANEIRO;65
RIO DE JANEIRO;2174
RIO DE JANEIRO;1621
RIO DE JANEIRO;1849
RIO DE JANEIRO;0
RIO DE JANEIRO;352
RIO DE JANEIRO;1596
RIO DE JANEIRO;1536
RIO DE JANEIRO;1617
RIO DE JANEIRO;1614
RIO DE JANEIRO;1456
RIO DE JANEIRO;64
RIO DE JANEIRO;1057
RIO DE JANEIRO;1697
RIO DE JANEIRO;0
RIO DE JANEIRO;46
RIO DE JANEIRO;49
RIO DE JANEIRO;37
RIO DE JANEIRO;5095
RIO DE JANEIRO;4575
RIO DE JANEIRO;3879
RIO DE JANEIRO;561
RIO DE JANEIRO;1999
RIO DE JANEIRO;1928
RIO DE JANEIRO;1988
RIO DE JANEIRO;1960
RIO DE JANEIRO;0
RIO DE JANEIRO;2000
RIO DE JANEIRO;220
RIO DE JANEIRO;2236
RIO DE JANEIRO;2054
RIO DE JANEIRO;2331
RIO DE JANEIRO;2333
RIO DE JANEIRO;0
RIO GRANDE;359
SALVADOR;0
SALVADOR;1439
SALVADOR;1265
SALVADOR;156
SALVADOR;69
SALVADOR;638
SALVADOR;4369
SALVADOR;608
SALVADOR;3707
SALVADOR;579
SALVADOR;3408
SALVADOR;2936
SALVADOR;1915
SALVADOR;2214
SALVADOR;489
SALVADOR;2560
SALVADOR;764
SALVADOR;2511
SALVADOR;603
SALVADOR;2456
SALVADOR;482
SALVADOR;2509
SALVADOR;689
SALVADOR;2558
SALVADOR;605
SALVADOR;3129
SALVADOR;490
SALVADOR;555
SALVADOR;492
SALVADOR;401
SALVADOR;553
SALVADOR;270
SALVADOR;297
SALVADOR;591
SALVADOR;735
SALVADOR;678
SALVADOR;410
SALVADOR;571
SALVADOR;456
SALVADOR;165
SALVADOR;619
SALVADOR;641
SALVADOR;683
SALVADOR;569
SALVADOR;482
SALVADOR;563
SALVADOR;229
SALVADOR;322
SALVADOR;0
SALVADOR;0
SALVADOR;117
SALVADOR;5255
SALVADOR;2635
SALVADOR;826
SALVADOR;673
SALVADOR;639
SALVADOR;781
SALVADOR;676
SALVADOR;604
SALVADOR;793
SALVADOR;603
SALVADOR;620
SALVADOR;173
SALVADOR;766
SALVADOR;0
SALVADOR;301
SALVADOR;162
SALVADOR;220
SALVADOR;36
SALVADOR;148
SALVADOR;508
SALVADOR;2352
SALVADOR;1714
SALVADOR;1229
SALVADOR;1489
SALVADOR;878
SALVADOR;1480
SALVADOR;0
SALVADOR;172
SALVADOR;0
SALVADOR;383
SALVADOR;490
SALVADOR;407
SALVADOR;458
SALVADOR;347
SALVADOR;3221
SALVADOR;2852
SALVADOR;2670
SALVADOR;3081
SALVADOR;1994
SALVADOR;3052
SALVADOR;3711
SALVADOR;3515
SALVADOR;286
SALVADOR;2586
SALVADOR;3862
SALVADOR;3035
SALVADOR;3302
SALVADOR;0
SALVADOR;0
SALVADOR;0
SALVADOR;0
SALVADOR;0
SALVADOR;0
SALVADOR;0
SALVADOR;0
SALVADOR;0
SALVADOR;0
SALVADOR;0
SALVADOR;0
SALVADOR;0
SALVADOR;0
SALVADOR;0
SALVADOR;0
SALVADOR;0
SALVADOR;809
SALVADOR;838
SALVADOR;998
SALVADOR;755
SALVADOR;809
SALVADOR;1012
SALVADOR;159
SALVADOR;543
SALVADOR;652
SALVADOR;842
SALVADOR;565
SALVADOR;846
SALVADOR;774
SALVADOR;0
SALVADOR;0
SALVADOR;1060
SALVADOR;791
SALVADOR;885
SALVADOR;683
SALVADOR;858
SALVADOR;875
SALVADOR;985
SALVADOR;798
SALVADOR;731
SALVADOR;850
SALVADOR;893
SALVADOR;954
SALVADOR;239
SALVADOR;255
SALVADOR;291
SALVADOR;228
SALVADOR;240
SALVADOR;5996
SALVADOR;5245
SALVADOR;5683
SALVADOR;5206
SALVADOR;4414
SALVADOR;5039
SALVADOR;7723
SALVADOR;6415
SALVADOR;6000
SALVADOR;7203
SALVADOR;6061
SALVADOR;6944
SALVADOR;0
SALVADOR;704
SALVADOR;53
SALVADOR;218
SANTARÉM;0
SANTARÉM;0
SANTARÉM;0
SÃO JOSÉ DOS CAMPOS;0
SÃO JOSÉ DOS CAMPOS;0
SÃO JOSÉ DOS CAMPOS;0
SÃO JOSÉ DOS CAMPOS;0
SÃO PAULO;6101
SÃO PAULO;4636
SÃO PAULO;5267
SÃO PAULO;4813
SÃO PAULO;5275
SÃO PAULO;4638
SÃO PAULO;5939
SÃO PAULO;5366
SÃO PAULO;5433
SÃO PAULO;5240
SÃO PAULO;4538
SÃO PAULO;5123
SÃO PAULO;3788
SÃO PAULO;4711
SÃO PAULO;5496
SÃO PAULO;3814
SÃO PAULO;3497
SÃO PAULO;3996
SÃO PAULO;4046
SÃO PAULO;5891
SÃO PAULO;6583
SÃO PAULO;6234
SÃO PAULO;6546
SÃO PAULO;6590
SÃO PAULO;10637
SÃO PAULO;8964
SÃO PAULO;10310
SÃO PAULO;9356
SÃO PAULO;9849
SÃO PAULO;10109
SÃO PAULO;10806
SÃO PAULO;10465
SÃO PAULO;10284
SÃO PAULO;10845
SÃO PAULO;10056
SÃO PAULO;10308
SÃO PAULO;2470
SÃO PAULO;0
SÃO PAULO;0
SÃO PAULO;0
SÃO PAULO;0
SÃO PAULO;26
SÃO PAULO;301
SÃO PAULO;8902
SÃO PAULO;9012
SÃO PAULO;295
SÃO PAULO;8647
SÃO PAULO;8677
SÃO PAULO;332
SÃO PAULO;8466
SÃO PAULO;9768
SÃO PAULO;343
SÃO PAULO;10237
SÃO PAULO;48
SÃO PAULO;10214
SÃO PAULO;277
SÃO PAULO;9800
SÃO PAULO;10458
SÃO PAULO;9799
SÃO PAULO;9773
SÃO PAULO;4663
SÃO PAULO;4236
SÃO PAULO;237
SÃO PAULO;4171
SÃO PAULO;3764
SÃO PAULO;3371
SÃO PAULO;2915
SÃO PAULO;3933
SÃO PAULO;3501
SÃO PAULO;2916
SÃO PAULO;3674
SÃO PAULO;4463
SÃO PAULO;5364
SÃO PAULO;100
SÃO PAULO;3694
SÃO PAULO;8735
SÃO PAULO;3140
SÃO PAULO;6183
SÃO PAULO;10134
SÃO PAULO;1027
SÃO PAULO;13876
SÃO PAULO;14099
SÃO PAULO;14969
SÃO PAULO;17606
SÃO PAULO;15618
SÃO PAULO;14913
SÃO PAULO;13409
SÃO PAULO;13419
SÃO PAULO;12982
SÃO PAULO;2133
SÃO PAULO;1538
SÃO PAULO;49
SÃO PAULO;2042
SÃO PAULO;92
SÃO PAULO;199
SÃO PAULO;0
SÃO PAULO;10285
SÃO PAULO;8828
SÃO PAULO;10087
SÃO PAULO;9592
SÃO PAULO;9233
SÃO PAULO;8241
SÃO PAULO;2882
SÃO PAULO;2512
SÃO PAULO;4447
SÃO PAULO;2469
SÃO PAULO;4521
SÃO PAULO;1739
SÃO PAULO;3189
SÃO PAULO;1815
SÃO PAULO;1810
SÃO PAULO;3898
SÃO PAULO;2256
SÃO PAULO;1789
SÃO PAULO;1666
SÃO PAULO;1753
SÃO PAULO;1644
SÃO PAULO;2526
SÃO PAULO;1969
SÃO PAULO;1809
SÃO PAULO;1649
SÃO PAULO;2034
SÃO PAULO;2688
SÃO PAULO;6199
SÃO PAULO;10622
SÃO PAULO;1347
SÃO PAULO;5477
SÃO PAULO;70
SÃO PAULO;8197
SÃO PAULO;841
SÃO PAULO;2646
SÃO PAULO;0
SÃO PAULO;14232
SÃO PAULO;1315
SÃO PAULO;60
SÃO PAULO;17047
SÃO PAULO;1202
SÃO PAULO;0
SÃO PAULO;242
SÃO PAULO;16341
SÃO PAULO;1374
SÃO PAULO;0
SÃO PAULO;310
SÃO PAULO;16206
SÃO PAULO;1384
SÃO PAULO;19538
SÃO PAULO;0
SÃO PAULO;93
SÃO PAULO;1602
SÃO PAULO;939
SÃO PAULO;17076
SÃO PAULO;1678
SÃO PAULO;537
SÃO PAULO;0
SÃO PAULO;16051
SÃO PAULO;1786
SÃO PAULO;119
SÃO PAULO;14259
SÃO PAULO;1890
SÃO PAULO;11590
SÃO PAULO;137
SÃO PAULO;1644
SÃO PAULO;14615
SÃO PAULO;1616
SÃO PAULO;0
SÃO PAULO;222
SÃO PAULO;4514
SÃO PAULO;3231
SÃO PAULO;4482
SÃO PAULO;4739
SÃO PAULO;4585
SÃO PAULO;4477
SÃO PAULO;6460
SÃO PAULO;5388
SÃO PAULO;4595
SÃO PAULO;4819
SÃO PAULO;4804
SÃO PAULO;4476
SÃO PAULO;52
SÃO PAULO;4142
SÃO PAULO;4919
SÃO PAULO;17454
SÃO PAULO;1901
SÃO PAULO;1666
SÃO PAULO;0
SÃO PAULO;3501
SÃO PAULO;4207
SÃO PAULO;14120
SÃO PAULO;0
SÃO PAULO;1181
SÃO PAULO;597
SÃO PAULO;3931
SÃO PAULO;4597
SÃO PAULO;0
SÃO PAULO;189
SÃO PAULO;17110
SÃO PAULO;2036
SÃO PAULO;143
SÃO PAULO;1989
SÃO PAULO;2459
SÃO PAULO;0
SÃO PAULO;15912
SÃO PAULO;1719
SÃO PAULO;1694
SÃO PAULO;3035
SÃO PAULO;0
SÃO PAULO;16413
SÃO PAULO;2134
SÃO PAULO;128
SÃO PAULO;924
SÃO PAULO;2408
SÃO PAULO;13465
SÃO PAULO;1611
SÃO PAULO;0
SÃO PAULO;0
SÃO PAULO;933
SÃO PAULO;26566
SÃO PAULO;1582
SÃO PAULO;1106
SÃO PAULO;4699
SÃO PAULO;19858
SÃO PAULO;1530
SÃO PAULO;412
SÃO PAULO;2446
SÃO PAULO;166
SÃO PAULO;19532
SÃO PAULO;1785
SÃO PAULO;217
SÃO PAULO;20113
SÃO PAULO;1944
SÃO PAULO;23291
SÃO PAULO;141
SÃO PAULO;1609
SÃO PAULO;147
SÃO PAULO;0
SÃO PAULO;220
SÃO PAULO;22860
SÃO PAULO;1774
SÃO PAULO;4059
SÃO PAULO;2971
SÃO PAULO;3559
SÃO PAULO;2889
SÃO PAULO;1849
SÃO PAULO;2081
SÃO PAULO;4375
SÃO PAULO;1199
SÃO PAULO;568
SÃO PAULO;610
SÃO PAULO;1418
SÃO PAULO;1315
SÃO PAULO;0
SÃO PAULO;0
SÃO PAULO;1619
SÃO PAULO;4580
SÃO PAULO;1022
SÃO PAULO;3538
SÃO PAULO;1337
SÃO PAULO;4167
SÃO PAULO;1150
SÃO PAULO;3737
SÃO PAULO;906
SÃO PAULO;3312
SÃO PAULO;1268
SÃO PAULO;3905
SÃO PAULO;1424
SÃO PAULO;4046
SÃO PAULO;1558
SÃO PAULO;4463
SÃO PAULO;997
SÃO PAULO;123
SÃO PAULO;3729
SÃO PAULO;818
SÃO PAULO;4038
SÃO PAULO;435
SÃO PAULO;3904
SÃO PAULO;1180
SÃO PAULO;4274
SÃO PAULO;1838
SÃO PAULO;4436
SÃO PAULO;412
SÃO PAULO;3023
SÃO PAULO;3647
SÃO PAULO;3525
SÃO PAULO;3437
SÃO PAULO;0
SÃO PAULO;3827
SÃO PAULO;3993
SÃO PAULO;3388
SÃO PAULO;3314
SÃO PAULO;3373
SÃO PAULO;3209
SÃO PAULO;4257
SÃO PAULO;917
SÃO PAULO;619
SÃO PAULO;879
SÃO PAULO;961
SÃO PAULO;1239
SÃO PAULO;81
SÃO PAULO;1144
SÃO PAULO;980
SÃO PAULO;115
SÃO PAULO;1535
SÃO PAULO;1696
SÃO PAULO;0
SÃO PAULO;0
SÃO PAULO;0
SÃO PAULO;0
SÃO PAULO;0
SÃO PAULO;0
SÃO PAULO;0
SÃO PAULO;0
SÃO PAULO;0
SÃO PAULO;0
SÃO PAULO;0
SÃO PAULO;12335
SÃO PAULO;11426
SÃO PAULO;11719
SÃO PAULO;7790
SÃO PAULO;8628
SÃO PAULO;8148
SÃO PAULO;9228
SÃO PAULO;8146
SÃO PAULO;8417
SÃO PAULO;9239
SÃO PAULO;8131
SÃO PAULO;2512
SÃO PAULO;8612
SÃO PAULO;176
SÃO PAULO;8775
SÃO PAULO;0
SÃO PAULO;7203
SÃO PAULO;7494
SÃO PAULO;6555
SÃO PAULO;6385
SÃO PAULO;0
SÃO PAULO;460
SÃO PAULO;8196
SÃO PAULO;12708
SÃO PAULO;8383
SÃO PAULO;8852
SÃO PAULO;7349
SÃO PAULO;0
SÃO PAULO;112
SÃO PAULO;4141
SÃO PAULO;5530
SÃO PAULO;17142
SÃO PAULO;11982
SÃO PAULO;13159
SÃO PAULO;10646
SÃO PAULO;0
SÃO PAULO;12567
SÃO PAULO;0
SÃO PAULO;11206
SÃO PAULO;11796
SÃO PAULO;13791
SÃO PAULO;12842
SÃO PAULO;13837
SÃO PAULO;11244
SÃO PAULO;9022
SÃO PAULO;0
SÃO PAULO;0
SÃO PAULO;0
SÃO PAULO;0
SÃO PAULO;0
SÃO PAULO;0
SÃO PAULO;0
SÃO PAULO;0
SÃO PAULO;0
SÃO PAULO;0
SÃO PAULO;0
SÃO PAULO;0
SÃO PAULO;0
SÃO PAULO;0
SÃO PAULO;9545
SÃO PAULO;7613
SÃO PAULO;3640
SÃO PAULO;3921
SÃO PAULO;2926
SÃO PAULO;2481
SÃO PAULO;2644
SÃO PAULO;2817
SÃO PAULO;3071
SÃO PAULO;21
SÃO PAULO;3650
SÃO PAULO;3629
SÃO PAULO;3060
SÃO PAULO;2539
SÃO PAULO;2525
SÃO PAULO;4064
SÃO PAULO;38919
SÃO PAULO;0
SÃO PAULO;17
SÃO PAULO;29917
SÃO PAULO;0
SÃO PAULO;32124
SÃO PAULO;0
SÃO PAULO;0
SÃO PAULO;32376
SÃO PAULO;29695
SÃO PAULO;328
SÃO PAULO;31460
SÃO PAULO;0
SÃO PAULO;1909
SÃO PAULO;46135
SÃO PAULO;0
SÃO PAULO;43131
SÃO PAULO;0
SÃO PAULO;497
SÃO PAULO;29601
SÃO PAULO;0
SÃO PAULO;161
SÃO PAULO;22723
SÃO PAULO;0
SÃO PAULO;115
SÃO PAULO;21550
SÃO PAULO;0
SÃO PAULO;23645
SÃO PAULO;1932
SÃO PAULO;991
SÃO PAULO;2384
SÃO PAULO;2329
SÃO PAULO;184
SÃO PAULO;1025
SÃO PAULO;1057
SÃO PAULO;1432
SÃO PAULO;1125
SÃO PAULO;1015
SÃO PAULO;866
SÃO PAULO;700
SÃO PAULO;578
SÃO PAULO;737
SÃO PAULO;1002
SÃO PAULO;1218
SÃO PAULO;826
SÃO PAULO;7282
SÃO PAULO;6697
SÃO PAULO;12554
SÃO PAULO;11396
SÃO PAULO;14417
SÃO PAULO;12679
SÃO PAULO;13071
SÃO PAULO;12608
SÃO PAULO;10923
SÃO PAULO;11248
SÃO PAULO;10253
SÃO PAULO;10298
SÃO PAULO;0
SÃO PAULO;71
SÃO PAULO;0
SÃO PAULO;0
SÃO PAULO;6035
SÃO PAULO;5032
SÃO PAULO;6096
SÃO PAULO;5867
SÃO PAULO;6116
SÃO PAULO;5960
SÃO PAULO;6070
SÃO PAULO;199
SÃO PAULO;5974
SÃO PAULO;216
SÃO PAULO;5481
SÃO PAULO;184
SÃO PAULO;6140
SÃO PAULO;0
SÃO PAULO;607
SÃO PAULO;5162
SÃO PAULO;6126
SÃO PAULO;0
SÃO PAULO;6027
SÃO PAULO;5833
SÃO PAULO;0
SÃO PAULO;152
SÃO PAULO;32
SÃO PAULO;209
SÃO PAULO;0
SÃO PAULO;0
SÃO PAULO;0
SÃO PAULO;0
SÃO PAULO;0
SÃO PAULO;0
SÃO PAULO;0
SÃO PAULO;0
SÃO PAULO;15066
SÃO PAULO;11538
SÃO PAULO;14093
SÃO PAULO;11967
SÃO PAULO;10995
SÃO PAULO;10923
SÃO PAULO;14518
SÃO PAULO;12227
SÃO PAULO;12786
SÃO PAULO;0
SÃO PAULO;13983
SÃO PAULO;14102
SÃO PAULO;0
SÃO PAULO;13497
SÃO PAULO;1547
SÃO PAULO;1318
SÃO PAULO;1447
SÃO PAULO;0
SÃO PAULO;1251
SÃO PAULO;1125
SÃO PAULO;1114
SÃO PAULO;1543
SÃO PAULO;1523
SÃO PAULO;1439
SÃO PAULO;517
SÃO PAULO;775
SÃO PAULO;1161
SÃO PAULO;0
SÃO PAULO;280
SÃO PAULO;8142
SÃO PAULO;6558
SÃO PAULO;7286
SÃO PAULO;7724
SÃO PAULO;7652
SÃO PAULO;8282
SÃO PAULO;8918
SÃO PAULO;8128
SÃO PAULO;233
SÃO PAULO;7882
SÃO PAULO;9701
SÃO PAULO;9150
SÃO PAULO;8762
SÃO PAULO;523
SÃO PAULO;628
SÃO PAULO;491
SÃO PAULO;564
SÃO PAULO;843
SÃO PAULO;1311
SÃO PAULO;1474
SÃO PAULO;1547
SÃO PAULO;964
SÃO PAULO;1231
SÃO PAULO;1182
SÃO PAULO;841
SÃO PAULO;8390
SÃO PAULO;7066
SÃO PAULO;8933
SÃO PAULO;9801
SÃO PAULO;9649
SÃO PAULO;10389
SÃO PAULO;10532
SÃO PAULO;10061
SÃO PAULO;10284
SÃO PAULO;9807
SÃO PAULO;9971
SÃO PAULO;9399
SÃO PAULO;222
SÃO PAULO;291
SÃO PAULO;0
SÃO PAULO;0
SÃO PAULO;0
SÃO PAULO;0
SÃO PAULO;0
SÃO PAULO;0
SÃO PAULO;0
SÃO PAULO;0
SÃO PAULO;0
SÃO PAULO;0
SÃO PAULO;0
SÃO PAULO;5664
SÃO PAULO;10253
SÃO PAULO;0
SÃO PAULO;313
SÃO PAULO;6610
SÃO PAULO;8439
SÃO PAULO;8085
SÃO PAULO;9111
SÃO PAULO;7804
SÃO PAULO;8914
SÃO PAULO;8819
SÃO PAULO;9766
SÃO PAULO;9221
SÃO PAULO;9793
SÃO PAULO;339
SÃO PAULO;7655
SÃO PAULO;330
SÃO PAULO;10217
SÃO PAULO;6263
SÃO PAULO;10104
SÃO PAULO;5772
SÃO PAULO;10076
SÃO PAULO;5989
SÃO PAULO;10039
SÃO PAULO;5860
SÃO PAULO;9660
SÃO PAULO;0
SÃO PAULO;215
SÃO PAULO;5221
SÃO PAULO;9034
SÃO PAULO;8579
SÃO PAULO;8281
SÃO PAULO;4965
SÃO PAULO;16413
SÃO PAULO;7027
SÃO PAULO;7214
SÃO PAULO;3684
SÃO PAULO;15307
SÃO PAULO;7851
SÃO PAULO;8170
SÃO PAULO;4889
SÃO PAULO;15673
SÃO PAULO;7636
SÃO PAULO;8057
SÃO PAULO;4027
SÃO PAULO;263
SÃO PAULO;15022
SÃO PAULO;9266
SÃO PAULO;8838
SÃO PAULO;4616
SÃO PAULO;18097
SÃO PAULO;8532
SÃO PAULO;8357
SÃO PAULO;5022
SÃO PAULO;16128
SÃO PAULO;8892
SÃO PAULO;8989
SÃO PAULO;4614
SÃO PAULO;16952
SÃO PAULO;8369
SÃO PAULO;8118
SÃO PAULO;4618
SÃO PAULO;16805
SÃO PAULO;7567
SÃO PAULO;8166
SÃO PAULO;4328
SÃO PAULO;14875
SÃO PAULO;8472
SÃO PAULO;8295
SÃO PAULO;4833
SÃO PAULO;17187
SÃO PAULO;8497
SÃO PAULO;8335
SÃO PAULO;3780
SÃO PAULO;270
SÃO PAULO;15739
SÃO PAULO;283
SÃO PAULO;8575
SÃO PAULO;235
SÃO PAULO;8521
SÃO PAULO;4418
SÃO PAULO;16669
SÃO PAULO;239
SÃO PAULO;217
SÃO PAULO;0
SÃO PAULO;8121
SÃO PAULO;2154
SÃO PAULO;278
SÃO PAULO;7511
SÃO PAULO;6150
SÃO PAULO;6767
SÃO PAULO;1759
SÃO PAULO;6595
SÃO PAULO;5401
SÃO PAULO;8075
SÃO PAULO;2302
SÃO PAULO;7416
SÃO PAULO;2118
SÃO PAULO;7572
SÃO PAULO;5632
SÃO PAULO;8611
SÃO PAULO;6066
SÃO PAULO;8222
SÃO PAULO;5842
SÃO PAULO;8503
SÃO PAULO;6107
SÃO PAULO;8091
SÃO PAULO;5630
SÃO PAULO;7597
SÃO PAULO;5312
SÃO PAULO;7748
SÃO PAULO;6239
SÃO PAULO;7914
SÃO PAULO;7926
SÃO PAULO;8661
SÃO PAULO;8532
SÃO PAULO;26
SÃO PAULO;0
SÃO PAULO;193
SÃO PAULO;259
SÃO PAULO;1660
SÃO PAULO;1409
SÃO PAULO;0
SÃO PAULO;0
SÃO PAULO;0
SÃO PAULO;0
SÃO PAULO;0
SÃO PAULO;0
SÃO PAULO;0
SÃO PAULO;0
SÃO PAULO;0
SÃO PAULO;0
SÃO PAULO;0
SÃO PAULO;0
SÃO PAULO;0
SÃO PAULO;0
SÃO PAULO;0
SÃO PAULO;0
SÃO PAULO;0
SÃO PAULO;0
SÃO PAULO;0
SÃO PAULO;0
SÃO PAULO;0
SÃO PAULO;0
SÃO PAULO;0
SÃO PAULO;5841
SÃO PAULO;10670
SÃO PAULO;4453
SÃO PAULO;0
SÃO PAULO;6223
SÃO PAULO;2809
SÃO PAULO;3899
SÃO PAULO;169
SÃO PAULO;161
SÃO PAULO;3028
SÃO PAULO;237
SÃO PAULO;9017
SÃO PAULO;2162
SÃO PAULO;12323
SÃO PAULO;20830
SÃO PAULO;8
SÃO PAULO;2765
SÃO PAULO;480
SÃO PAULO;7881
SÃO PAULO;158
SÃO PAULO;1955
SÃO PAULO;10409
SÃO PAULO;364
SÃO PAULO;18574
SÃO PAULO;146
SÃO PAULO;2754
SÃO PAULO;9312
SÃO PAULO;146
SÃO PAULO;6565
SÃO PAULO;353
SÃO PAULO;20478
SÃO PAULO;0
SÃO PAULO;2928
SÃO PAULO;446
SÃO PAULO;8083
SÃO PAULO;6111
SÃO PAULO;18621
SÃO PAULO;3671
SÃO PAULO;279
SÃO PAULO;9346
SÃO PAULO;6587
SÃO PAULO;126
SÃO PAULO;21338
SÃO PAULO;3739
SÃO PAULO;8947
SÃO PAULO;5906
SÃO PAULO;20137
SÃO PAULO;379
SÃO PAULO;3890
SÃO PAULO;298
SÃO PAULO;9664
SÃO PAULO;665
SÃO PAULO;9343
SÃO PAULO;730
SÃO PAULO;20040
SÃO PAULO;4181
SÃO PAULO;6782
SÃO PAULO;9292
SÃO PAULO;19546
SÃO PAULO;4360
SÃO PAULO;7153
SÃO PAULO;329
SÃO PAULO;8055
SÃO PAULO;17379
SÃO PAULO;4455
SÃO PAULO;298
SÃO PAULO;9577
SÃO PAULO;9554
SÃO PAULO;20156
SÃO PAULO;4253
SÃO PAULO;11200
SÃO PAULO;9403
SÃO PAULO;207
SÃO PAULO;20602
SÃO PAULO;4523
SÃO PAULO;11687
SÃO PAULO;9714
SÃO PAULO;21340
SÃO PAULO;0
SÃO PAULO;0
SÃO PAULO;0
SÃO PAULO;0
SÃO PAULO;0
SÃO PAULO;7777
SÃO PAULO;5756
SÃO PAULO;6045
SÃO PAULO;7207
SÃO PAULO;7262
SÃO PAULO;4833
SÃO PAULO;5736
SÃO PAULO;6983
SÃO PAULO;7595
SÃO PAULO;5353
SÃO PAULO;5904
SÃO PAULO;7896
SÃO PAULO;6898
SÃO PAULO;4817
SÃO PAULO;5494
SÃO PAULO;6236
SÃO PAULO;7561
SÃO PAULO;5312
SÃO PAULO;6480
SÃO PAULO;265
SÃO PAULO;8298
SÃO PAULO;7739
SÃO PAULO;5772
SÃO PAULO;5977
SÃO PAULO;7767
SÃO PAULO;8189
SÃO PAULO;5835
SÃO PAULO;5848
SÃO PAULO;8146
SÃO PAULO;8016
SÃO PAULO;4804
SÃO PAULO;5831
SÃO PAULO;7744
SÃO PAULO;7572
SÃO PAULO;5009
SÃO PAULO;165
SÃO PAULO;5365
SÃO PAULO;7393
SÃO PAULO;8167
SÃO PAULO;5535
SÃO PAULO;6211
SÃO PAULO;7878
SÃO PAULO;7845
SÃO PAULO;4866
SÃO PAULO;5950
SÃO PAULO;7088
SÃO PAULO;12398
SÃO PAULO;208
SÃO PAULO;5708
SÃO PAULO;7306
SÃO PAULO;7642
SÃO PAULO;4949
SÃO PAULO;3239
SÃO PAULO;3699
SÃO PAULO;4122
SÃO PAULO;4488
SÃO PAULO;4009
SÃO PAULO;4545
SÃO PAULO;4413
SÃO PAULO;3828
SÃO PAULO;3708
SÃO PAULO;0
SÃO PAULO;3901
SÃO PAULO;3470
SÃO PAULO;16599
SÃO PAULO;14529
SÃO PAULO;14803
SÃO PAULO;15254
SÃO PAULO;16139
SÃO PAULO;16138
SÃO PAULO;18413
SÃO PAULO;17571
SÃO PAULO;14609
SÃO PAULO;15894
SÃO PAULO;15035
SÃO PAULO;282
SÃO PAULO;14653
SÃO PAULO;0
SÃO PAULO;8830
SÃO PAULO;8254
SÃO PAULO;8453
SÃO PAULO;9114
SÃO PAULO;9191
SÃO PAULO;9392
SÃO PAULO;295
SÃO PAULO;9711
SÃO PAULO;9083
SÃO PAULO;9210
SÃO PAULO;9704
SÃO PAULO;9552
SÃO PAULO;8986
SÃO PAULO;281
SÃO PAULO;9450
SÃO PAULO;9519
SÃO PAULO;9640
SÃO PAULO;9663
SÃO PAULO;9598
SÃO PAULO;10989
SÃO PAULO;11123
SÃO PAULO;10303
SÃO PAULO;10783
SÃO PAULO;11342
SÃO PAULO;10143
SÃO PAULO;10157
SÃO PAULO;0
SÃO PAULO;0
SÃO PAULO;0
SÃO PAULO;0
SÃO PAULO;0
SÃO PAULO;0
SÃO PAULO;0
SÃO PAULO;0
SÃO PAULO;0
SÃO PAULO;0
SÃO PAULO;0
SÃO PAULO;2639
SÃO PAULO;7
SÃO PAULO;2176
SÃO PAULO;2356
SÃO PAULO;2543
SÃO PAULO;2411
SÃO PAULO;2551
SÃO PAULO;2681
SÃO PAULO;2658
SÃO PAULO;2710
SÃO PAULO;2593
SÃO PAULO;2441
SÃO PAULO;2385
SÃO PAULO;15383
SÃO PAULO;13978
SÃO PAULO;305
SÃO PAULO;13782
SÃO PAULO;12888
SÃO PAULO;783
SÃO PAULO;10949
SÃO PAULO;12920
SÃO PAULO;12671
SÃO PAULO;12403
SÃO PAULO;14350
SÃO PAULO;16776
SÃO PAULO;15545
SÃO PAULO;15612
SÃO PAULO;5346
SÃO PAULO;5656
SÃO PAULO;282
SÃO PAULO;5096
SÃO PAULO;4879
SÃO PAULO;5572
SÃO PAULO;5320
SÃO PAULO;5624
SÃO PAULO;5071
SÃO PAULO;5620
SÃO PAULO;4892
SÃO PAULO;182
SÃO PAULO;5410
SÃO PAULO;4980
SÃO PAULO;199
SÃO PAULO;6052
SÃO PAULO;203
SÃO PAULO;5729
SÃO PAULO;393
SÃO PAULO;5533
SÃO PAULO;4073
SÃO PAULO;5955
SÃO PAULO;3279
SÃO PAULO;6099
SÃO PAULO;5950
SÃO PAULO;396
SÃO PAULO;5485
SÃO PAULO;0
SÃO PAULO;0
SÃO PAULO;0
SÃO PAULO;0
SÃO PAULO;0
SÃO PAULO;0
SÃO PAULO;0
SÃO PAULO;0
SÃO PAULO;0
SÃO PAULO;0
SÃO PAULO;0
SÃO PAULO;0
SÃO PAULO;0
SÃO PAULO;0
SÃO PAULO;0
SÃO PAULO;0
SÃO PAULO;0
SÃO PAULO;0
SÃO PAULO;0
SÃO PAULO;0
SÃO PAULO;4280
SÃO PAULO;2851
SÃO PAULO;2992
SÃO PAULO;2328
SÃO PAULO;2724
SÃO PAULO;3065
SÃO PAULO;5522
SÃO PAULO;3628
SÃO PAULO;2650
SÃO PAULO;264
SÃO PAULO;3527
SÃO PAULO;2591
SÃO PAULO;3456
SÃO PAULO;0
SÃO PAULO;677
SÃO PAULO;670
SÃO PAULO;827
SÃO PAULO;171
SÃO PAULO;630
SÃO PAULO;10024
SÃO PAULO;8993
SÃO PAULO;9233
SÃO PAULO;8415
SÃO PAULO;6566
SÃO PAULO;6229
SÃO PAULO;6872
SÃO PAULO;6451
SÃO PAULO;6572
SÃO PAULO;7192
SÃO PAULO;8850
SÃO PAULO;9777
SÃO PAULO;0
SÃO PAULO;5044
SÃO PAULO;314
SÃO PAULO;4444
SÃO PAULO;0
SÃO PAULO;5322
SÃO PAULO;318
SÃO PAULO;4010
SÃO PAULO;5636
SÃO PAULO;5242
SÃO PAULO;207
SÃO PAULO;5611
SÃO PAULO;4948
SÃO PAULO;4691
SÃO PAULO;4971
SÃO PAULO;5568
SÃO PAULO;5078
SÃO PAULO;0
SÃO PAULO;0
SÃO PAULO;0
SÃO PAULO;0
SÃO PAULO;0
SÃO PAULO;0
SÃO PAULO;0
SÃO PAULO;0
SÃO PAULO;0
SÃO PAULO;0
SÃO PAULO;0
SÃO PAULO;0
SÃO PAULO;0
SÃO PAULO;25193
SÃO PAULO;18180
SÃO PAULO;19819
SÃO PAULO;19538
SÃO PAULO;22305
SÃO PAULO;20791
SÃO PAULO;23911
SÃO PAULO;19902
SÃO PAULO;19992
SÃO PAULO;20287
SÃO PAULO;19836
SÃO PAULO;130
SÃO PAULO;22114
SÃO PAULO;167
SÃO PAULO;0
SÃO PAULO;5873
SÃO PAULO;4490
SÃO PAULO;28
SÃO PAULO;3548
SÃO PAULO;87
SÃO PAULO;3513
SÃO PAULO;3243
SÃO PAULO;61
SÃO PAULO;2313
SÃO PAULO;4105
SÃO PAULO;3320
SÃO PAULO;251
SÃO PAULO;2399
SÃO PAULO;446
SÃO PAULO;1823
SÃO PAULO;3923
SÃO PAULO;3420
SÃO PAULO;13275
SÃO PAULO;10508
SÃO PAULO;9675
SÃO PAULO;7653
SÃO PAULO;9612
SÃO PAULO;9452
SÃO PAULO;13514
SÃO PAULO;10241
SÃO PAULO;8172
SÃO PAULO;8185
SÃO PAULO;7419
SÃO PAULO;8107
SÃO PAULO;0
SÃO PAULO;0
SÃO PAULO;0
SÃO PAULO;0
SÃO PAULO;458
SÃO PAULO;0
SÃO PAULO;173
SÃO PAULO;0
SÃO PAULO;921
SÃO PAULO;3274
SÃO PAULO;147
SÃO PAULO;145
SÃO PAULO;0
SÃO PAULO;341
SÃO PAULO;145
SÃO PAULO;0
SÃO PAULO;58
SÃO PAULO;174
SÃO PAULO;69
SÃO PAULO;74
SÃO PAULO;0
SÃO PAULO;176
SÃO PAULO;1506
SÃO PAULO;2480
SÃO PAULO;2356
SÃO PAULO;2730
SÃO PAULO;9478
SÃO PAULO;10218
SÃO PAULO;333
SÃO PAULO;8412
SÃO PAULO;3377
SÃO PAULO;4395
SÃO PAULO;6922
SÃO PAULO;9764
SÃO PAULO;6378
SÃO PAULO;6039
SÃO PAULO;0
SÃO PAULO;14065
SÃO PAULO;12268
SÃO PAULO;11195
SÃO PAULO;4407
SÃO PAULO;5096
SÃO PAULO;0
SÃO PAULO;96
SÃO PAULO;5589
SÃO PAULO;494
SÃO PAULO;12106
SÃO PAULO;197
SÃO PAULO;10792
SÃO PAULO;234
SÃO PAULO;7697
SÃO PAULO;5101
SÃO PAULO;8014
SÃO PAULO;0
SÃO PAULO;6426
SÃO PAULO;7310
SÃO PAULO;5968
SÃO PAULO;6790
SÃO PAULO;6085
SÃO PAULO;7167
SÃO PAULO;6808
SÃO PAULO;6847
SÃO PAULO;6309
SÃO PAULO;6590
SÃO PAULO;6322
SÃO PAULO;6414
SÃO PAULO;5469
SÃO PAULO;0
SÃO PAULO;0
SÃO PAULO;0
SÃO PAULO;193
SÃO PAULO;4230
SÃO PAULO;3075
SÃO PAULO;3832
SÃO PAULO;4561
SÃO PAULO;5413
SÃO PAULO;4835
SÃO PAULO;183
SÃO PAULO;5085
SÃO PAULO;4122
SÃO PAULO;163
SÃO PAULO;4336
SÃO PAULO;5389
SÃO PAULO;5830
SÃO PAULO;5545
SÃO PAULO;1590
SÃO PAULO;17147
SÃO PAULO;1325
SÃO PAULO;14223
SÃO PAULO;1722
SÃO PAULO;17695
SÃO PAULO;1651
SÃO PAULO;16984
SÃO PAULO;1546
SÃO PAULO;20289
SÃO PAULO;2451
SÃO PAULO;22283
SÃO PAULO;3112
SÃO PAULO;25926
SÃO PAULO;2915
SÃO PAULO;23016
SÃO PAULO;2406
SÃO PAULO;23259
SÃO PAULO;3346
SÃO PAULO;21194
SÃO PAULO;2741
SÃO PAULO;16084
SÃO PAULO;2644
SÃO PAULO;17967
SÃO PAULO;4892
SÃO PAULO;4358
SÃO PAULO;4813
SÃO PAULO;5682
SÃO PAULO;5968
SÃO PAULO;6133
SÃO PAULO;6500
SÃO PAULO;6215
SÃO PAULO;5730
SÃO PAULO;5511
SÃO PAULO;5445
SÃO PAULO;5623
SÃO PAULO;9577
SÃO PAULO;8073
SÃO PAULO;8707
SÃO PAULO;7709
SÃO PAULO;7904
SÃO PAULO;8543
SÃO PAULO;9003
SÃO PAULO;8438
SÃO PAULO;7203
SÃO PAULO;8294
SÃO PAULO;8371
SÃO PAULO;8535
SÃO PAULO;9769
SÃO PAULO;8888
SÃO PAULO;8896
SÃO PAULO;9029
SÃO PAULO;295
SÃO PAULO;8530
SÃO PAULO;9956
SÃO PAULO;317
SÃO PAULO;10270
SÃO PAULO;500
SÃO PAULO;9544
SÃO PAULO;10175
SÃO PAULO;10926
SÃO PAULO;10563
SÃO PAULO;20
SÃO PAULO;326
SÃO PAULO;9767
SÃO PAULO;42
SÃO PAULO;237
SÃO PAULO;2711
SÃO PAULO;2335
SÃO PAULO;2432
SÃO PAULO;1310
SÃO PAULO;1509
SÃO PAULO;2173
SÃO PAULO;2972
SÃO PAULO;1999
SÃO PAULO;128
SÃO PAULO;1302
SÃO PAULO;152
SÃO PAULO;1845
SÃO PAULO;1977
SÃO PAULO;148
SÃO PAULO;2086
SÃO PAULO;0
SÃO PAULO;0
SÃO PAULO;0
SÃO PAULO;0
SÃO PAULO;0
SÃO PAULO;0
SÃO PAULO;0
SÃO PAULO;0
SÃO PAULO;0
SÃO PAULO;0
SÃO PAULO;0
SÃO PAULO;0
SÃO PAULO;0
SÃO PAULO;9419
SÃO PAULO;8169
SÃO PAULO;7889
SÃO PAULO;8981
SÃO PAULO;9283
SÃO PAULO;8151
SÃO PAULO;9887
SÃO PAULO;9817
SÃO PAULO;9620
SÃO PAULO;9856
SÃO PAULO;9531
SÃO PAULO;339
SÃO PAULO;9386
SÃO PAULO;0
SÃO PAULO;6384
SÃO PAULO;4380
SÃO PAULO;5975
SÃO PAULO;655
SÃO PAULO;3943
SÃO PAULO;5491
SÃO PAULO;5638
SÃO PAULO;7305
SÃO PAULO;6454
SÃO PAULO;6222
SÃO PAULO;6799
SÃO PAULO;7037
SÃO PAULO;0
SÃO PAULO;7179
SÃO PAULO;0
SÃO PAULO;0
SÃO PAULO;0
SÃO PAULO;8642
SÃO PAULO;41
SÃO PAULO;6812
SÃO PAULO;7220
SÃO PAULO;0
SÃO PAULO;176
SÃO PAULO;6287
SÃO PAULO;6480
SÃO PAULO;7708
SÃO PAULO;8358
SÃO PAULO;111
SÃO PAULO;8295
SÃO PAULO;149
SÃO PAULO;8196
SÃO PAULO;217
SÃO PAULO;7631
SÃO PAULO;6925
SÃO PAULO;230
SÃO PAULO;6897
SÃO PAULO;50
SÃO PAULO;1233
SÃO PAULO;207
SÃO PAULO;14236
SÃO PAULO;697
SÃO PAULO;11802
SÃO PAULO;0
SÃO PAULO;1207
SÃO PAULO;11882
SÃO PAULO;755
SÃO PAULO;0
SÃO PAULO;94
SÃO PAULO;10829
SÃO PAULO;733
SÃO PAULO;10916
SÃO PAULO;876
SÃO PAULO;10172
SÃO PAULO;104
SÃO PAULO;883
SÃO PAULO;449
SÃO PAULO;9260
SÃO PAULO;0
SÃO PAULO;172
SÃO PAULO;940
SÃO PAULO;104
SÃO PAULO;10165
SÃO PAULO;1190
SÃO PAULO;0
SÃO PAULO;353
SÃO PAULO;9548
SÃO PAULO;946
SÃO PAULO;10235
SÃO PAULO;1106
SÃO PAULO;11169
SÃO PAULO;33
SÃO PAULO;945
SÃO PAULO;0
SÃO PAULO;9198
SÃO PAULO;60
SÃO PAULO;0
SÃO PAULO;0
SÃO PAULO;0
VITÓRIA;0
VITÓRIA;0
VITÓRIA;0
VITÓRIA;0
VITÓRIA;0
VITÓRIA;0
VITÓRIA;0
VITÓRIA;0
VITÓRIA;0
VITÓRIA;0
VITÓRIA;0
VITÓRIA;0
VITÓRIA;0
VITÓRIA;0
